[12Feb2025 17:36:43.767] [main/INFO] [cpw.mods.modlauncher.Launcher/MODLAUNCHER]: ModLauncher running: args [--launchTarget, forgeserver, --fml.forgeVersion, 47.3.7, --fml.mcVersion, 1.20.1, --fml.forgeGroup, net.minecraftforge, --fml.mcpVersion, 20230612.114412, nogui]
[12Feb2025 17:36:43.772] [main/INFO] [cpw.mods.modlauncher.Launcher/MODLAUNCHER]: ModLauncher 10.0.9+10.0.9+main.dcd20f30 starting: java version 17.0.14 by Ubuntu; OS Linux arch amd64 version 6.5.0-1025-azure
[12Feb2025 17:36:43.798] [main/DEBUG] [cpw.mods.modlauncher.LaunchServiceHandler/MODLAUNCHER]: Found launch services [fmlclientdev,forgeclient,minecraft,forgegametestserverdev,fmlserveruserdev,fmlclient,fmldatauserdev,forgeserverdev,forgeserveruserdev,forgeclientdev,forgeclientuserdev,forgeserver,forgedatadev,fmlserver,fmlclientuserdev,fmlserverdev,forgedatauserdev,testharness,forgegametestserveruserdev]
[12Feb2025 17:36:43.833] [main/DEBUG] [cpw.mods.modlauncher.NameMappingServiceHandler/MODLAUNCHER]: Found naming services : [srgtomcp]
[12Feb2025 17:36:43.856] [main/DEBUG] [cpw.mods.modlauncher.LaunchPluginHandler/MODLAUNCHER]: Found launch plugins: [mixin,eventbus,slf4jfixer,object_holder_definalize,runtime_enum_extender,capability_token_subclass,accesstransformer,runtimedistcleaner]
[12Feb2025 17:36:43.879] [main/DEBUG] [cpw.mods.modlauncher.TransformationServicesHandler/MODLAUNCHER]: Discovering transformation services
[12Feb2025 17:36:43.885] [main/DEBUG] [net.minecraftforge.fml.loading.FMLPaths/CORE]: Path GAMEDIR is /workspaces/didactic-octo-memory/servidor_minecraft
[12Feb2025 17:36:43.886] [main/DEBUG] [net.minecraftforge.fml.loading.FMLPaths/CORE]: Path MODSDIR is /workspaces/didactic-octo-memory/servidor_minecraft/mods
[12Feb2025 17:36:43.886] [main/DEBUG] [net.minecraftforge.fml.loading.FMLPaths/CORE]: Path CONFIGDIR is /workspaces/didactic-octo-memory/servidor_minecraft/config
[12Feb2025 17:36:43.886] [main/DEBUG] [net.minecraftforge.fml.loading.FMLPaths/CORE]: Path FMLCONFIG is /workspaces/didactic-octo-memory/servidor_minecraft/config/fml.toml
[12Feb2025 17:36:43.952] [main/WARN] [net.minecraftforge.fml.loading.FMLConfig/CORE]: Configuration file /workspaces/didactic-octo-memory/servidor_minecraft/config/fml.toml is not correct. Correcting
[12Feb2025 17:36:43.954] [main/INFO] [net.minecraftforge.fml.loading.FMLConfig/CORE]: Incorrect key [earlyWindowSkipGLVersions] was corrected from null to []
[12Feb2025 17:36:43.955] [main/INFO] [net.minecraftforge.fml.loading.FMLConfig/CORE]: Incorrect key [earlyWindowLogHelpMessage] was corrected from null to true
[12Feb2025 17:36:43.957] [main/INFO] [net.minecraftforge.fml.loading.FMLConfig/CORE]: Incorrect key [earlyWindowSquir] was corrected from null to false
[12Feb2025 17:36:43.958] [main/INFO] [net.minecraftforge.fml.loading.FMLConfig/CORE]: Incorrect key [earlyWindowShowCPU] was corrected from null to false
[12Feb2025 17:36:43.970] [main/DEBUG] [cpw.mods.modlauncher.TransformationServicesHandler/MODLAUNCHER]: Found additional transformation services from discovery services: 
[12Feb2025 17:36:43.976] [main/INFO] [net.minecraftforge.fml.loading.ImmediateWindowHandler/]: ImmediateWindowProvider not loading because launch target is forgeserver
[12Feb2025 17:36:43.984] [main/DEBUG] [cpw.mods.modlauncher.TransformationServicesHandler/MODLAUNCHER]: Found transformer services : [mixin,fml]
[12Feb2025 17:36:43.984] [main/DEBUG] [cpw.mods.modlauncher.TransformationServicesHandler/MODLAUNCHER]: Transformation services loading
[12Feb2025 17:36:43.984] [main/DEBUG] [cpw.mods.modlauncher.TransformationServiceDecorator/MODLAUNCHER]: Loading service mixin
[12Feb2025 17:36:43.985] [main/DEBUG] [cpw.mods.modlauncher.TransformationServiceDecorator/MODLAUNCHER]: Loaded service mixin
[12Feb2025 17:36:43.985] [main/DEBUG] [cpw.mods.modlauncher.TransformationServiceDecorator/MODLAUNCHER]: Loading service fml
[12Feb2025 17:36:43.986] [main/DEBUG] [net.minecraftforge.fml.loading.LauncherVersion/CORE]: Found FMLLauncher version 1.0
[12Feb2025 17:36:43.986] [main/DEBUG] [net.minecraftforge.fml.loading.FMLLoader/CORE]: FML 1.0 loading
[12Feb2025 17:36:43.986] [main/DEBUG] [net.minecraftforge.fml.loading.FMLLoader/CORE]: FML found ModLauncher version : 10.0.9+10.0.9+main.dcd20f30
[12Feb2025 17:36:43.987] [main/DEBUG] [net.minecraftforge.fml.loading.FMLLoader/CORE]: FML found AccessTransformer version : 8.0.4+66+master.c09db6d7
[12Feb2025 17:36:43.987] [main/DEBUG] [net.minecraftforge.fml.loading.FMLLoader/CORE]: FML found EventBus version : 6.0.5+6.0.5+master.eb8e549b
[12Feb2025 17:36:43.988] [main/DEBUG] [net.minecraftforge.fml.loading.FMLLoader/CORE]: Found Runtime Dist Cleaner
[12Feb2025 17:36:43.989] [main/DEBUG] [net.minecraftforge.fml.loading.FMLLoader/CORE]: FML found CoreMod version : 5.1.6
[12Feb2025 17:36:43.990] [main/DEBUG] [net.minecraftforge.fml.loading.FMLLoader/CORE]: Found ForgeSPI package implementation version 7.0.1+7.0.1+master.d2b38bf6
[12Feb2025 17:36:43.990] [main/DEBUG] [net.minecraftforge.fml.loading.FMLLoader/CORE]: Found ForgeSPI package specification 5
[12Feb2025 17:36:43.990] [main/DEBUG] [cpw.mods.modlauncher.TransformationServiceDecorator/MODLAUNCHER]: Loaded service fml
[12Feb2025 17:36:43.991] [main/DEBUG] [cpw.mods.modlauncher.TransformationServicesHandler/MODLAUNCHER]: Configuring option handling for services
[12Feb2025 17:36:43.998] [main/DEBUG] [cpw.mods.modlauncher.TransformationServicesHandler/MODLAUNCHER]: Transformation services initializing
[12Feb2025 17:36:43.998] [main/DEBUG] [cpw.mods.modlauncher.TransformationServiceDecorator/MODLAUNCHER]: Initializing transformation service mixin
[12Feb2025 17:36:44.029] [main/DEBUG] [mixin/]: MixinService [ModLauncher] was successfully booted in cpw.mods.cl.ModuleClassLoader@7a3d45bd
[12Feb2025 17:36:44.049] [main/INFO] [mixin/]: SpongePowered MIXIN Subsystem Version=0.8.5 Source=union:/workspaces/didactic-octo-memory/servidor_minecraft/libraries/org/spongepowered/mixin/0.8.5/mixin-0.8.5.jar%2365!/ Service=ModLauncher Env=SERVER
[12Feb2025 17:36:44.053] [main/DEBUG] [mixin/]: Initialising Mixin Platform Manager
[12Feb2025 17:36:44.053] [main/DEBUG] [mixin/]: Adding mixin platform agents for container ModLauncher Root Container(ModLauncher:4f56a0a2)
[12Feb2025 17:36:44.054] [main/DEBUG] [mixin/]: Instancing new MixinPlatformAgentMinecraftForge for ModLauncher Root Container(ModLauncher:4f56a0a2)
[12Feb2025 17:36:44.054] [main/DEBUG] [mixin/]: MixinPlatformAgentMinecraftForge rejected container ModLauncher Root Container(ModLauncher:4f56a0a2)
[12Feb2025 17:36:44.055] [main/DEBUG] [mixin/]: Instancing new MixinPlatformAgentDefault for ModLauncher Root Container(ModLauncher:4f56a0a2)
[12Feb2025 17:36:44.055] [main/DEBUG] [mixin/]: MixinPlatformAgentDefault accepted container ModLauncher Root Container(ModLauncher:4f56a0a2)
[12Feb2025 17:36:44.057] [main/DEBUG] [cpw.mods.modlauncher.TransformationServiceDecorator/MODLAUNCHER]: Initialized transformation service mixin
[12Feb2025 17:36:44.058] [main/DEBUG] [cpw.mods.modlauncher.TransformationServiceDecorator/MODLAUNCHER]: Initializing transformation service fml
[12Feb2025 17:36:44.059] [main/DEBUG] [net.minecraftforge.fml.loading.FMLServiceProvider/CORE]: Setting up basic FML game directories
[12Feb2025 17:36:44.060] [main/DEBUG] [net.minecraftforge.fml.loading.FMLPaths/CORE]: Path GAMEDIR is /workspaces/didactic-octo-memory/servidor_minecraft
[12Feb2025 17:36:44.060] [main/DEBUG] [net.minecraftforge.fml.loading.FMLPaths/CORE]: Path MODSDIR is /workspaces/didactic-octo-memory/servidor_minecraft/mods
[12Feb2025 17:36:44.060] [main/DEBUG] [net.minecraftforge.fml.loading.FMLPaths/CORE]: Path CONFIGDIR is /workspaces/didactic-octo-memory/servidor_minecraft/config
[12Feb2025 17:36:44.061] [main/DEBUG] [net.minecraftforge.fml.loading.FMLPaths/CORE]: Path FMLCONFIG is /workspaces/didactic-octo-memory/servidor_minecraft/config/fml.toml
[12Feb2025 17:36:44.061] [main/DEBUG] [net.minecraftforge.fml.loading.FMLServiceProvider/CORE]: Loading configuration
[12Feb2025 17:36:44.063] [main/DEBUG] [net.minecraftforge.fml.loading.FMLServiceProvider/CORE]: Preparing ModFile
[12Feb2025 17:36:44.066] [main/DEBUG] [net.minecraftforge.fml.loading.FMLServiceProvider/CORE]: Preparing launch handler
[12Feb2025 17:36:44.066] [main/DEBUG] [net.minecraftforge.fml.loading.FMLLoader/CORE]: Using forgeserver as launch service
[12Feb2025 17:36:44.079] [main/DEBUG] [net.minecraftforge.fml.loading.FMLLoader/CORE]: Received command line version data  : VersionInfo[forgeVersion=47.3.7, mcVersion=1.20.1, mcpVersion=20230612.114412, forgeGroup=net.minecraftforge]
[12Feb2025 17:36:44.081] [main/DEBUG] [cpw.mods.modlauncher.TransformationServiceDecorator/MODLAUNCHER]: Initialized transformation service fml
[12Feb2025 17:36:44.081] [main/DEBUG] [cpw.mods.modlauncher.NameMappingServiceHandler/MODLAUNCHER]: Current naming domain is 'srg'
[12Feb2025 17:36:44.082] [main/DEBUG] [cpw.mods.modlauncher.NameMappingServiceHandler/MODLAUNCHER]: Identified name mapping providers {}
[12Feb2025 17:36:44.082] [main/DEBUG] [cpw.mods.modlauncher.TransformationServicesHandler/MODLAUNCHER]: Transformation services begin scanning
[12Feb2025 17:36:44.083] [main/DEBUG] [cpw.mods.modlauncher.TransformationServiceDecorator/MODLAUNCHER]: Beginning scan trigger - transformation service mixin
[12Feb2025 17:36:44.083] [main/DEBUG] [cpw.mods.modlauncher.TransformationServiceDecorator/MODLAUNCHER]: End scan trigger - transformation service mixin
[12Feb2025 17:36:44.083] [main/DEBUG] [cpw.mods.modlauncher.TransformationServiceDecorator/MODLAUNCHER]: Beginning scan trigger - transformation service fml
[12Feb2025 17:36:44.083] [main/DEBUG] [net.minecraftforge.fml.loading.FMLServiceProvider/CORE]: Initiating mod scan
[12Feb2025 17:36:44.095] [main/DEBUG] [net.minecraftforge.fml.loading.moddiscovery.ModListHandler/CORE]: Found mod coordinates from lists: []
[12Feb2025 17:36:44.099] [main/DEBUG] [net.minecraftforge.fml.loading.moddiscovery.ModDiscoverer/CORE]: Found Mod Locators : (mods folder:null),(maven libs:null),(exploded directory:null),(minecraft:null),(userdev classpath:null)
[12Feb2025 17:36:44.099] [main/DEBUG] [net.minecraftforge.fml.loading.moddiscovery.ModDiscoverer/CORE]: Found Dependency Locators : (JarInJar:null)
[12Feb2025 17:36:44.264] [main/DEBUG] [net.minecraftforge.fml.loading.moddiscovery.ModFileInfo/LOADING]: Found valid mod file server-1.20.1-20230612.114412-srg.jar with {minecraft} mods - versions {1.20.1}
[12Feb2025 17:36:44.268] [main/DEBUG] [net.minecraftforge.fml.loading.moddiscovery.ModFileParser/LOADING]: Considering mod file candidate /workspaces/didactic-octo-memory/servidor_minecraft/libraries/net/minecraftforge/fmlcore/1.20.1-47.3.7/fmlcore-1.20.1-47.3.7.jar
[12Feb2025 17:36:44.268] [main/WARN] [net.minecraftforge.fml.loading.moddiscovery.ModFileParser/LOADING]: Mod file /workspaces/didactic-octo-memory/servidor_minecraft/libraries/net/minecraftforge/fmlcore/1.20.1-47.3.7/fmlcore-1.20.1-47.3.7.jar is missing mods.toml file
[12Feb2025 17:36:44.292] [main/DEBUG] [net.minecraftforge.fml.loading.moddiscovery.ModFileParser/LOADING]: Considering mod file candidate /workspaces/didactic-octo-memory/servidor_minecraft/libraries/net/minecraftforge/javafmllanguage/1.20.1-47.3.7/javafmllanguage-1.20.1-47.3.7.jar
[12Feb2025 17:36:44.293] [main/WARN] [net.minecraftforge.fml.loading.moddiscovery.ModFileParser/LOADING]: Mod file /workspaces/didactic-octo-memory/servidor_minecraft/libraries/net/minecraftforge/javafmllanguage/1.20.1-47.3.7/javafmllanguage-1.20.1-47.3.7.jar is missing mods.toml file
[12Feb2025 17:36:44.294] [main/DEBUG] [net.minecraftforge.fml.loading.moddiscovery.ModFileParser/LOADING]: Considering mod file candidate /workspaces/didactic-octo-memory/servidor_minecraft/libraries/net/minecraftforge/lowcodelanguage/1.20.1-47.3.7/lowcodelanguage-1.20.1-47.3.7.jar
[12Feb2025 17:36:44.294] [main/WARN] [net.minecraftforge.fml.loading.moddiscovery.ModFileParser/LOADING]: Mod file /workspaces/didactic-octo-memory/servidor_minecraft/libraries/net/minecraftforge/lowcodelanguage/1.20.1-47.3.7/lowcodelanguage-1.20.1-47.3.7.jar is missing mods.toml file
[12Feb2025 17:36:44.296] [main/DEBUG] [net.minecraftforge.fml.loading.moddiscovery.ModFileParser/LOADING]: Considering mod file candidate /workspaces/didactic-octo-memory/servidor_minecraft/libraries/net/minecraftforge/mclanguage/1.20.1-47.3.7/mclanguage-1.20.1-47.3.7.jar
[12Feb2025 17:36:44.297] [main/WARN] [net.minecraftforge.fml.loading.moddiscovery.ModFileParser/LOADING]: Mod file /workspaces/didactic-octo-memory/servidor_minecraft/libraries/net/minecraftforge/mclanguage/1.20.1-47.3.7/mclanguage-1.20.1-47.3.7.jar is missing mods.toml file
[12Feb2025 17:36:44.353] [main/DEBUG] [net.minecraftforge.fml.loading.moddiscovery.ModFileParser/LOADING]: Considering mod file candidate /workspaces/didactic-octo-memory/servidor_minecraft/libraries/net/minecraftforge/forge/1.20.1-47.3.7/forge-1.20.1-47.3.7-universal.jar
[12Feb2025 17:36:44.358] [main/DEBUG] [net.minecraftforge.fml.loading.moddiscovery.ModFileInfo/LOADING]: Found valid mod file forge-1.20.1-47.3.7-universal.jar with {forge} mods - versions {47.3.7}
[12Feb2025 17:36:44.370] [main/DEBUG] [net.minecraftforge.fml.loading.moddiscovery.AbstractJarFileDependencyLocator/]: Failed to load resource META-INF/jarjar/metadata.json from server-1.20.1-20230612.114412-srg.jar, it does not contain dependency information.
[12Feb2025 17:36:44.370] [main/DEBUG] [net.minecraftforge.fml.loading.moddiscovery.AbstractJarFileDependencyLocator/]: Failed to load resource META-INF/jarjar/metadata.json from forge-1.20.1-47.3.7-universal.jar, it does not contain dependency information.
[12Feb2025 17:36:44.370] [main/DEBUG] [net.minecraftforge.fml.loading.moddiscovery.AbstractJarFileDependencyLocator/]: Failed to load resource META-INF/jarjar/metadata.json from mclanguage-1.20.1-47.3.7.jar, it does not contain dependency information.
[12Feb2025 17:36:44.370] [main/DEBUG] [net.minecraftforge.fml.loading.moddiscovery.AbstractJarFileDependencyLocator/]: Failed to load resource META-INF/jarjar/metadata.json from javafmllanguage-1.20.1-47.3.7.jar, it does not contain dependency information.
[12Feb2025 17:36:44.370] [main/DEBUG] [net.minecraftforge.fml.loading.moddiscovery.AbstractJarFileDependencyLocator/]: Failed to load resource META-INF/jarjar/metadata.json from fmlcore-1.20.1-47.3.7.jar, it does not contain dependency information.
[12Feb2025 17:36:44.371] [main/DEBUG] [net.minecraftforge.fml.loading.moddiscovery.AbstractJarFileDependencyLocator/]: Failed to load resource META-INF/jarjar/metadata.json from lowcodelanguage-1.20.1-47.3.7.jar, it does not contain dependency information.
[12Feb2025 17:36:44.394] [main/INFO] [net.minecraftforge.fml.loading.moddiscovery.JarInJarDependencyLocator/]: No dependencies to load found. Skipping!
[12Feb2025 17:36:44.397] [main/DEBUG] [net.minecraftforge.fml.loading.moddiscovery.ModFileInfo/LOADING]: Found valid mod file server-1.20.1-20230612.114412-srg.jar with {minecraft} mods - versions {1.20.1}
[12Feb2025 17:36:44.402] [main/DEBUG] [net.minecraftforge.fml.loading.moddiscovery.ModFile/LOADING]: Loading mod file /workspaces/didactic-octo-memory/servidor_minecraft/libraries/net/minecraft/server/1.20.1-20230612.114412/server-1.20.1-20230612.114412-srg.jar with languages [LanguageSpec[languageName=minecraft, acceptedVersions=1]]
[12Feb2025 17:36:44.403] [main/DEBUG] [net.minecraftforge.fml.loading.moddiscovery.ModFileParser/LOADING]: Considering mod file candidate /workspaces/didactic-octo-memory/servidor_minecraft/libraries/net/minecraftforge/forge/1.20.1-47.3.7/forge-1.20.1-47.3.7-universal.jar
[12Feb2025 17:36:44.404] [main/DEBUG] [net.minecraftforge.fml.loading.moddiscovery.ModFileInfo/LOADING]: Found valid mod file forge-1.20.1-47.3.7-universal.jar with {forge} mods - versions {47.3.7}
[12Feb2025 17:36:44.404] [main/DEBUG] [net.minecraftforge.fml.loading.moddiscovery.ModFile/LOADING]: Loading mod file /workspaces/didactic-octo-memory/servidor_minecraft/libraries/net/minecraftforge/forge/1.20.1-47.3.7/forge-1.20.1-47.3.7-universal.jar with languages [LanguageSpec[languageName=javafml, acceptedVersions=[24,]]]
[12Feb2025 17:36:44.437] [main/DEBUG] [net.minecraftforge.fml.loading.moddiscovery.ModFileParser/LOADING]: Found coremod field_to_method with Javascript path coremods/field_to_method.js
[12Feb2025 17:36:44.437] [main/DEBUG] [net.minecraftforge.fml.loading.moddiscovery.ModFileParser/LOADING]: Found coremod field_to_instanceof with Javascript path coremods/field_to_instanceof.js
[12Feb2025 17:36:44.438] [main/DEBUG] [net.minecraftforge.fml.loading.moddiscovery.ModFileParser/LOADING]: Found coremod add_bouncer_method with Javascript path coremods/add_bouncer_method.js
[12Feb2025 17:36:44.438] [main/DEBUG] [net.minecraftforge.fml.loading.moddiscovery.ModFileParser/LOADING]: Found coremod method_redirector with Javascript path coremods/method_redirector.js
[12Feb2025 17:36:44.438] [main/DEBUG] [net.minecraftforge.fml.loading.moddiscovery.ModFile/LOADING]: Found coremod coremods/field_to_method.js
[12Feb2025 17:36:44.439] [main/DEBUG] [net.minecraftforge.fml.loading.moddiscovery.ModFile/LOADING]: Found coremod coremods/field_to_instanceof.js
[12Feb2025 17:36:44.440] [main/DEBUG] [net.minecraftforge.fml.loading.moddiscovery.ModFile/LOADING]: Found coremod coremods/add_bouncer_method.js
[12Feb2025 17:36:44.440] [main/DEBUG] [net.minecraftforge.fml.loading.moddiscovery.ModFile/LOADING]: Found coremod coremods/method_redirector.js
[12Feb2025 17:36:44.441] [main/DEBUG] [cpw.mods.modlauncher.TransformationServiceDecorator/MODLAUNCHER]: End scan trigger - transformation service fml
[12Feb2025 17:36:44.456] [main/DEBUG] [net.minecraftforge.fml.loading.LanguageLoadingProvider/CORE]: Found 3 language providers
[12Feb2025 17:36:44.458] [main/DEBUG] [net.minecraftforge.fml.loading.LanguageLoadingProvider/CORE]: Found language provider minecraft, version 1.0
[12Feb2025 17:36:44.458] [main/DEBUG] [net.minecraftforge.fml.loading.LanguageLoadingProvider/CORE]: Found language provider lowcodefml, version 47
[12Feb2025 17:36:44.459] [main/DEBUG] [net.minecraftforge.fml.loading.LanguageLoadingProvider/CORE]: Found language provider javafml, version 47
[12Feb2025 17:36:44.463] [main/DEBUG] [net.minecraftforge.fml.loading.ModSorter/]: Configured system mods: [minecraft, forge]
[12Feb2025 17:36:44.463] [main/DEBUG] [net.minecraftforge.fml.loading.ModSorter/]: Found system mod: minecraft
[12Feb2025 17:36:44.463] [main/DEBUG] [net.minecraftforge.fml.loading.ModSorter/]: Found system mod: forge
[12Feb2025 17:36:44.466] [main/DEBUG] [net.minecraftforge.fml.loading.ModSorter/LOADING]: Found 0 mod requirements (0 mandatory, 0 optional)
[12Feb2025 17:36:44.467] [main/DEBUG] [net.minecraftforge.fml.loading.ModSorter/LOADING]: Found 0 mod requirements missing (0 mandatory, 0 optional)
[12Feb2025 17:36:45.058] [main/DEBUG] [cpw.mods.modlauncher.TransformationServicesHandler/MODLAUNCHER]: Transformation services loading transformers
[12Feb2025 17:36:45.058] [main/DEBUG] [cpw.mods.modlauncher.TransformationServiceDecorator/MODLAUNCHER]: Initializing transformers for transformation service mixin
[12Feb2025 17:36:45.059] [main/DEBUG] [cpw.mods.modlauncher.TransformationServiceDecorator/MODLAUNCHER]: Initialized transformers for transformation service mixin
[12Feb2025 17:36:45.059] [main/DEBUG] [cpw.mods.modlauncher.TransformationServiceDecorator/MODLAUNCHER]: Initializing transformers for transformation service fml
[12Feb2025 17:36:45.059] [main/DEBUG] [net.minecraftforge.fml.loading.FMLServiceProvider/CORE]: Loading coremod transformers
[12Feb2025 17:36:45.059] [main/DEBUG] [net.minecraftforge.coremod.CoreModEngine/COREMOD]: Loading CoreMod from coremods/field_to_method.js
[12Feb2025 17:36:45.360] [main/DEBUG] [net.minecraftforge.coremod.CoreModEngine/COREMOD]: CoreMod loaded successfully
[12Feb2025 17:36:45.362] [main/DEBUG] [net.minecraftforge.coremod.CoreModEngine/COREMOD]: Loading CoreMod from coremods/field_to_instanceof.js
[12Feb2025 17:36:45.468] [main/DEBUG] [net.minecraftforge.coremod.CoreModEngine/COREMOD]: CoreMod loaded successfully
[12Feb2025 17:36:45.473] [main/DEBUG] [net.minecraftforge.coremod.CoreModEngine/COREMOD]: Loading CoreMod from coremods/add_bouncer_method.js
[12Feb2025 17:36:45.538] [main/DEBUG] [net.minecraftforge.coremod.CoreModEngine/COREMOD]: CoreMod loaded successfully
[12Feb2025 17:36:45.543] [main/DEBUG] [net.minecraftforge.coremod.CoreModEngine/COREMOD]: Loading CoreMod from coremods/method_redirector.js
[12Feb2025 17:36:45.672] [main/DEBUG] [net.minecraftforge.coremod.CoreModEngine/COREMOD]: CoreMod loaded successfully
[12Feb2025 17:36:45.697] [main/DEBUG] [cpw.mods.modlauncher.TransformStore/MODLAUNCHER]: Adding transformer net.minecraftforge.coremod.transformer.CoreModClassTransformer@b9a77c8 to Target : CLASS {Lnet/minecraft/world/level/biome/Biome;} {} {V}
[12Feb2025 17:36:45.698] [main/DEBUG] [cpw.mods.modlauncher.TransformStore/MODLAUNCHER]: Adding transformer net.minecraftforge.coremod.transformer.CoreModClassTransformer@2eeb0f9b to Target : CLASS {Lnet/minecraft/world/level/levelgen/structure/Structure;} {} {V}
[12Feb2025 17:36:45.698] [main/DEBUG] [cpw.mods.modlauncher.TransformStore/MODLAUNCHER]: Adding transformer net.minecraftforge.coremod.transformer.CoreModClassTransformer@1b1c538d to Target : CLASS {Lnet/minecraft/world/effect/MobEffectInstance;} {} {V}
[12Feb2025 17:36:45.698] [main/DEBUG] [cpw.mods.modlauncher.TransformStore/MODLAUNCHER]: Adding transformer net.minecraftforge.coremod.transformer.CoreModClassTransformer@1645f294 to Target : CLASS {Lnet/minecraft/world/level/block/LiquidBlock;} {} {V}
[12Feb2025 17:36:45.699] [main/DEBUG] [cpw.mods.modlauncher.TransformStore/MODLAUNCHER]: Adding transformer net.minecraftforge.coremod.transformer.CoreModClassTransformer@6325f352 to Target : CLASS {Lnet/minecraft/world/item/BucketItem;} {} {V}
[12Feb2025 17:36:45.699] [main/DEBUG] [cpw.mods.modlauncher.TransformStore/MODLAUNCHER]: Adding transformer net.minecraftforge.coremod.transformer.CoreModClassTransformer@15c4af7a to Target : CLASS {Lnet/minecraft/world/level/block/StairBlock;} {} {V}
[12Feb2025 17:36:45.699] [main/DEBUG] [cpw.mods.modlauncher.TransformStore/MODLAUNCHER]: Adding transformer net.minecraftforge.coremod.transformer.CoreModClassTransformer@6cbd0674 to Target : CLASS {Lnet/minecraft/world/level/block/FlowerPotBlock;} {} {V}
[12Feb2025 17:36:45.699] [main/DEBUG] [cpw.mods.modlauncher.TransformStore/MODLAUNCHER]: Adding transformer net.minecraftforge.coremod.transformer.CoreModClassTransformer@55d58825 to Target : CLASS {Lnet/minecraft/world/item/ItemStack;} {} {V}
[12Feb2025 17:36:45.700] [main/DEBUG] [cpw.mods.modlauncher.TransformStore/MODLAUNCHER]: Adding transformer net.minecraftforge.coremod.transformer.CoreModClassTransformer@19a64eae to Target : CLASS {Lnet/minecraft/network/play/client/CClientSettingsPacket;} {} {V}
[12Feb2025 17:36:45.700] [main/DEBUG] [cpw.mods.modlauncher.TransformStore/MODLAUNCHER]: Adding transformer net.minecraftforge.coremod.transformer.CoreModClassTransformer@29a98d9f to Target : CLASS {Lnet/minecraft/world/entity/monster/Evoker$EvokerSummonSpellGoal;} {} {V}
[12Feb2025 17:36:45.700] [main/DEBUG] [cpw.mods.modlauncher.TransformStore/MODLAUNCHER]: Adding transformer net.minecraftforge.coremod.transformer.CoreModClassTransformer@29a98d9f to Target : CLASS {Lnet/minecraft/world/level/NaturalSpawner;} {} {V}
[12Feb2025 17:36:45.701] [main/DEBUG] [cpw.mods.modlauncher.TransformStore/MODLAUNCHER]: Adding transformer net.minecraftforge.coremod.transformer.CoreModClassTransformer@29a98d9f to Target : CLASS {Lnet/minecraft/world/entity/npc/CatSpawner;} {} {V}
[12Feb2025 17:36:45.701] [main/DEBUG] [cpw.mods.modlauncher.TransformStore/MODLAUNCHER]: Adding transformer net.minecraftforge.coremod.transformer.CoreModClassTransformer@29a98d9f to Target : CLASS {Lnet/minecraft/world/level/levelgen/PhantomSpawner;} {} {V}
[12Feb2025 17:36:45.701] [main/DEBUG] [cpw.mods.modlauncher.TransformStore/MODLAUNCHER]: Adding transformer net.minecraftforge.coremod.transformer.CoreModClassTransformer@29a98d9f to Target : CLASS {Lnet/minecraft/world/entity/raid/Raid;} {} {V}
[12Feb2025 17:36:45.701] [main/DEBUG] [cpw.mods.modlauncher.TransformStore/MODLAUNCHER]: Adding transformer net.minecraftforge.coremod.transformer.CoreModClassTransformer@29a98d9f to Target : CLASS {Lnet/minecraft/world/entity/monster/Spider;} {} {V}
[12Feb2025 17:36:45.701] [main/DEBUG] [cpw.mods.modlauncher.TransformStore/MODLAUNCHER]: Adding transformer net.minecraftforge.coremod.transformer.CoreModClassTransformer@29a98d9f to Target : CLASS {Lnet/minecraft/world/entity/EntityType;} {} {V}
[12Feb2025 17:36:45.701] [main/DEBUG] [cpw.mods.modlauncher.TransformStore/MODLAUNCHER]: Adding transformer net.minecraftforge.coremod.transformer.CoreModClassTransformer@29a98d9f to Target : CLASS {Lnet/minecraft/world/level/levelgen/structure/structures/WoodlandMansionPieces$WoodlandMansionPiece;} {} {V}
[12Feb2025 17:36:45.702] [main/DEBUG] [cpw.mods.modlauncher.TransformStore/MODLAUNCHER]: Adding transformer net.minecraftforge.coremod.transformer.CoreModClassTransformer@29a98d9f to Target : CLASS {Lnet/minecraft/world/level/levelgen/structure/templatesystem/StructureTemplate;} {} {V}
[12Feb2025 17:36:45.702] [main/DEBUG] [cpw.mods.modlauncher.TransformStore/MODLAUNCHER]: Adding transformer net.minecraftforge.coremod.transformer.CoreModClassTransformer@29a98d9f to Target : CLASS {Lnet/minecraft/server/commands/RaidCommand;} {} {V}
[12Feb2025 17:36:45.702] [main/DEBUG] [cpw.mods.modlauncher.TransformStore/MODLAUNCHER]: Adding transformer net.minecraftforge.coremod.transformer.CoreModClassTransformer@29a98d9f to Target : CLASS {Lnet/minecraft/world/entity/animal/frog/Tadpole;} {} {V}
[12Feb2025 17:36:45.702] [main/DEBUG] [cpw.mods.modlauncher.TransformStore/MODLAUNCHER]: Adding transformer net.minecraftforge.coremod.transformer.CoreModClassTransformer@29a98d9f to Target : CLASS {Lnet/minecraft/world/level/levelgen/PatrolSpawner;} {} {V}
[12Feb2025 17:36:45.702] [main/DEBUG] [cpw.mods.modlauncher.TransformStore/MODLAUNCHER]: Adding transformer net.minecraftforge.coremod.transformer.CoreModClassTransformer@29a98d9f to Target : CLASS {Lnet/minecraft/world/level/levelgen/structure/structures/SwampHutPiece;} {} {V}
[12Feb2025 17:36:45.703] [main/DEBUG] [cpw.mods.modlauncher.TransformStore/MODLAUNCHER]: Adding transformer net.minecraftforge.coremod.transformer.CoreModClassTransformer@29a98d9f to Target : CLASS {Lnet/minecraft/world/entity/ai/village/VillageSiege;} {} {V}
[12Feb2025 17:36:45.703] [main/DEBUG] [cpw.mods.modlauncher.TransformStore/MODLAUNCHER]: Adding transformer net.minecraftforge.coremod.transformer.CoreModClassTransformer@29a98d9f to Target : CLASS {Lnet/minecraft/world/entity/monster/Strider;} {} {V}
[12Feb2025 17:36:45.703] [main/DEBUG] [cpw.mods.modlauncher.TransformStore/MODLAUNCHER]: Adding transformer net.minecraftforge.coremod.transformer.CoreModClassTransformer@29a98d9f to Target : CLASS {Lnet/minecraft/server/commands/SummonCommand;} {} {V}
[12Feb2025 17:36:45.703] [main/DEBUG] [cpw.mods.modlauncher.TransformStore/MODLAUNCHER]: Adding transformer net.minecraftforge.coremod.transformer.CoreModClassTransformer@29a98d9f to Target : CLASS {Lnet/minecraft/world/entity/animal/horse/SkeletonTrapGoal;} {} {V}
[12Feb2025 17:36:45.703] [main/DEBUG] [cpw.mods.modlauncher.TransformStore/MODLAUNCHER]: Adding transformer net.minecraftforge.coremod.transformer.CoreModClassTransformer@29a98d9f to Target : CLASS {Lnet/minecraft/world/level/levelgen/structure/structures/OceanMonumentPieces$OceanMonumentPiece;} {} {V}
[12Feb2025 17:36:45.704] [main/DEBUG] [cpw.mods.modlauncher.TransformStore/MODLAUNCHER]: Adding transformer net.minecraftforge.coremod.transformer.CoreModClassTransformer@29a98d9f to Target : CLASS {Lnet/minecraft/world/entity/monster/ZombieVillager;} {} {V}
[12Feb2025 17:36:45.704] [main/DEBUG] [cpw.mods.modlauncher.TransformStore/MODLAUNCHER]: Adding transformer net.minecraftforge.coremod.transformer.CoreModClassTransformer@29a98d9f to Target : CLASS {Lnet/minecraft/world/entity/monster/Zombie;} {} {V}
[12Feb2025 17:36:45.704] [main/DEBUG] [cpw.mods.modlauncher.TransformStore/MODLAUNCHER]: Adding transformer net.minecraftforge.coremod.transformer.CoreModClassTransformer@29a98d9f to Target : CLASS {Lnet/minecraft/world/level/levelgen/structure/structures/OceanRuinPieces$OceanRuinPiece;} {} {V}
[12Feb2025 17:36:45.704] [main/DEBUG] [cpw.mods.modlauncher.TransformStore/MODLAUNCHER]: Adding transformer net.minecraftforge.coremod.transformer.CoreModClassTransformer@29a98d9f to Target : CLASS {Lnet/minecraft/world/entity/npc/Villager;} {} {V}
[12Feb2025 17:36:45.704] [main/DEBUG] [cpw.mods.modlauncher.TransformationServiceDecorator/MODLAUNCHER]: Initialized transformers for transformation service fml
[12Feb2025 17:36:46.251] [main/DEBUG] [mixin/]: Processing prepare() for PlatformAgent[MixinPlatformAgentDefault:ModLauncher Root Container(ModLauncher:4f56a0a2)]
[12Feb2025 17:36:46.251] [main/DEBUG] [mixin/]: Processing launch tasks for PlatformAgent[MixinPlatformAgentDefault:ModLauncher Root Container(ModLauncher:4f56a0a2)]
[12Feb2025 17:36:46.252] [main/DEBUG] [mixin/]: Adding mixin platform agents for container SecureJarResource(minecraft)
[12Feb2025 17:36:46.252] [main/DEBUG] [mixin/]: Instancing new MixinPlatformAgentMinecraftForge for SecureJarResource(minecraft)
[12Feb2025 17:36:46.252] [main/DEBUG] [mixin/]: MixinPlatformAgentMinecraftForge rejected container SecureJarResource(minecraft)
[12Feb2025 17:36:46.252] [main/DEBUG] [mixin/]: Instancing new MixinPlatformAgentDefault for SecureJarResource(minecraft)
[12Feb2025 17:36:46.252] [main/DEBUG] [mixin/]: MixinPlatformAgentDefault accepted container SecureJarResource(minecraft)
[12Feb2025 17:36:46.252] [main/DEBUG] [mixin/]: Processing prepare() for PlatformAgent[MixinPlatformAgentDefault:SecureJarResource(minecraft)]
[12Feb2025 17:36:46.253] [main/DEBUG] [mixin/]: Adding mixin platform agents for container SecureJarResource(forge)
[12Feb2025 17:36:46.253] [main/DEBUG] [mixin/]: Instancing new MixinPlatformAgentMinecraftForge for SecureJarResource(forge)
[12Feb2025 17:36:46.253] [main/DEBUG] [mixin/]: MixinPlatformAgentMinecraftForge rejected container SecureJarResource(forge)
[12Feb2025 17:36:46.253] [main/DEBUG] [mixin/]: Instancing new MixinPlatformAgentDefault for SecureJarResource(forge)
[12Feb2025 17:36:46.253] [main/DEBUG] [mixin/]: MixinPlatformAgentDefault accepted container SecureJarResource(forge)
[12Feb2025 17:36:46.253] [main/DEBUG] [mixin/]: Processing prepare() for PlatformAgent[MixinPlatformAgentDefault:SecureJarResource(forge)]
[12Feb2025 17:36:46.253] [main/DEBUG] [mixin/]: inject() running with 3 agents
[12Feb2025 17:36:46.253] [main/DEBUG] [mixin/]: Processing inject() for PlatformAgent[MixinPlatformAgentDefault:ModLauncher Root Container(ModLauncher:4f56a0a2)]
[12Feb2025 17:36:46.253] [main/DEBUG] [mixin/]: Processing inject() for PlatformAgent[MixinPlatformAgentDefault:SecureJarResource(minecraft)]
[12Feb2025 17:36:46.254] [main/DEBUG] [mixin/]: Processing inject() for PlatformAgent[MixinPlatformAgentDefault:SecureJarResource(forge)]
[12Feb2025 17:36:46.254] [main/INFO] [cpw.mods.modlauncher.LaunchServiceHandler/MODLAUNCHER]: Launching target 'forgeserver' with arguments [nogui]
[12Feb2025 17:36:46.291] [main/DEBUG] [mixin/]: Error cleaning class output directory: .mixin.out
[12Feb2025 17:36:46.297] [main/DEBUG] [mixin/]: Preparing mixins for MixinEnvironment[DEFAULT]
[12Feb2025 17:36:46.413] [main/DEBUG] [io.netty.util.internal.logging.InternalLoggerFactory/]: Using SLF4J as the default logging framework
[12Feb2025 17:36:46.416] [main/DEBUG] [io.netty.util.ResourceLeakDetector/]: -Dio.netty.leakDetection.level: simple
[12Feb2025 17:36:46.416] [main/DEBUG] [io.netty.util.ResourceLeakDetector/]: -Dio.netty.leakDetection.targetRecords: 4
[12Feb2025 17:36:46.670] [main/DEBUG] [oshi.util.FileUtil/]: No oshi.properties file found from ClassLoader cpw.mods.modlauncher.TransformingClassLoader@43d9f1a2
[12Feb2025 17:36:46.670] [main/DEBUG] [oshi.util.FileUtil/]: No oshi.properties file found from ClassLoader jdk.internal.loader.ClassLoaders$AppClassLoader@76ed5528
[12Feb2025 17:36:46.766] [main/DEBUG] [oshi.util.FileUtil/]: Reading file /proc/self/auxv
[12Feb2025 17:36:46.767] [main/DEBUG] [oshi.util.FileUtil/]: Reading file /proc/self/auxv
[12Feb2025 17:36:46.772] [main/DEBUG] [oshi.util.FileUtil/]: Reading file /proc/stat
[12Feb2025 17:36:46.780] [main/DEBUG] [oshi.util.FileUtil/]: Reading file /sys/devices/system/cpu/cpu0/topology/core_id
[12Feb2025 17:36:46.780] [main/DEBUG] [oshi.util.FileUtil/]: Reading file /sys/devices/system/cpu/cpu0/topology/core_id
[12Feb2025 17:36:46.780] [main/DEBUG] [oshi.util.FileUtil/]: Reading file /sys/devices/system/cpu/cpu0/topology/physical_package_id
[12Feb2025 17:36:46.780] [main/DEBUG] [oshi.util.FileUtil/]: Reading file /sys/devices/system/cpu/cpu0/topology/physical_package_id
[12Feb2025 17:36:46.781] [main/DEBUG] [oshi.util.FileUtil/]: Reading file /sys/devices/system/cpu/cpu0/cpu_capacity
[12Feb2025 17:36:46.782] [main/DEBUG] [oshi.util.FileUtil/]: Reading file /sys/devices/system/cpu/cpu1/topology/core_id
[12Feb2025 17:36:46.783] [main/DEBUG] [oshi.util.FileUtil/]: Reading file /sys/devices/system/cpu/cpu1/topology/core_id
[12Feb2025 17:36:46.783] [main/DEBUG] [oshi.util.FileUtil/]: Reading file /sys/devices/system/cpu/cpu1/topology/physical_package_id
[12Feb2025 17:36:46.783] [main/DEBUG] [oshi.util.FileUtil/]: Reading file /sys/devices/system/cpu/cpu1/topology/physical_package_id
[12Feb2025 17:36:46.783] [main/DEBUG] [oshi.util.FileUtil/]: Reading file /sys/devices/system/cpu/cpu1/cpu_capacity
[12Feb2025 17:36:46.784] [main/DEBUG] [oshi.util.FileUtil/]: Reading file /sys/devices/system/cpu/cpu2/topology/core_id
[12Feb2025 17:36:46.784] [main/DEBUG] [oshi.util.FileUtil/]: Reading file /sys/devices/system/cpu/cpu2/topology/core_id
[12Feb2025 17:36:46.784] [main/DEBUG] [oshi.util.FileUtil/]: Reading file /sys/devices/system/cpu/cpu2/topology/physical_package_id
[12Feb2025 17:36:46.785] [main/DEBUG] [oshi.util.FileUtil/]: Reading file /sys/devices/system/cpu/cpu2/topology/physical_package_id
[12Feb2025 17:36:46.785] [main/DEBUG] [oshi.util.FileUtil/]: Reading file /sys/devices/system/cpu/cpu2/cpu_capacity
[12Feb2025 17:36:46.785] [main/DEBUG] [oshi.util.FileUtil/]: Reading file /sys/devices/system/cpu/cpu3/topology/core_id
[12Feb2025 17:36:46.786] [main/DEBUG] [oshi.util.FileUtil/]: Reading file /sys/devices/system/cpu/cpu3/topology/core_id
[12Feb2025 17:36:46.786] [main/DEBUG] [oshi.util.FileUtil/]: Reading file /sys/devices/system/cpu/cpu3/topology/physical_package_id
[12Feb2025 17:36:46.786] [main/DEBUG] [oshi.util.FileUtil/]: Reading file /sys/devices/system/cpu/cpu3/topology/physical_package_id
[12Feb2025 17:36:46.786] [main/DEBUG] [oshi.util.FileUtil/]: Reading file /sys/devices/system/cpu/cpu3/cpu_capacity
[12Feb2025 17:36:46.788] [main/DEBUG] [oshi.util.FileUtil/]: Reading file /proc/cpuinfo
[12Feb2025 17:36:46.801] [main/DEBUG] [oshi.util.FileUtil/]: Reading file /proc/self/auxv
[12Feb2025 17:36:46.802] [main/DEBUG] [oshi.util.FileUtil/]: No oshi.architecture.properties file found from ClassLoader cpw.mods.modlauncher.TransformingClassLoader@43d9f1a2
[12Feb2025 17:36:46.803] [main/DEBUG] [oshi.util.FileUtil/]: No oshi.architecture.properties file found from ClassLoader jdk.internal.loader.ClassLoaders$AppClassLoader@76ed5528
[12Feb2025 17:36:46.820] [main/DEBUG] [oshi.util.FileUtil/]: Reading file /proc/meminfo
[12Feb2025 17:36:46.821] [main/DEBUG] [oshi.util.FileUtil/]: Reading file /proc/meminfo
[12Feb2025 17:36:47.235] [main/DEBUG] [net.minecraftforge.coremod.transformer.CoreModBaseTransformer/COREMOD]: Transforming net/minecraft/world/entity/EntityType
[12Feb2025 17:36:47.866] [main/DEBUG] [net.minecraftforge.coremod.transformer.CoreModBaseTransformer/COREMOD]: Transforming net/minecraft/world/level/block/LiquidBlock
[12Feb2025 17:36:47.925] [main/DEBUG] [net.minecraftforge.coremod.transformer.CoreModBaseTransformer/COREMOD]: Transforming net/minecraft/world/level/block/StairBlock
[12Feb2025 17:36:48.025] [main/DEBUG] [net.minecraftforge.coremod.transformer.CoreModBaseTransformer/COREMOD]: Transforming net/minecraft/world/level/block/FlowerPotBlock
[12Feb2025 17:36:48.844] [main/DEBUG] [net.minecraftforge.coremod.transformer.CoreModBaseTransformer/COREMOD]: Transforming net/minecraft/world/item/ItemStack
[12Feb2025 17:36:49.619] [main/DEBUG] [net.minecraftforge.coremod.transformer.CoreModBaseTransformer/COREMOD]: Transforming net/minecraft/world/entity/animal/frog/Tadpole
[12Feb2025 17:36:49.683] [main/DEBUG] [net.minecraftforge.coremod.transformer.CoreModBaseTransformer/COREMOD]: Transforming net/minecraft/world/item/BucketItem
[12Feb2025 17:36:50.396] [main/DEBUG] [net.minecraftforge.coremod.transformer.CoreModBaseTransformer/COREMOD]: Transforming net/minecraft/world/entity/monster/Spider
[12Feb2025 17:36:50.444] [main/DEBUG] [net.minecraftforge.coremod.transformer.CoreModBaseTransformer/COREMOD]: Transforming net/minecraft/world/entity/monster/Zombie
[12Feb2025 17:36:50.546] [main/DEBUG] [net.minecraftforge.coremod.transformer.CoreModBaseTransformer/COREMOD]: Transforming net/minecraft/world/entity/monster/ZombieVillager
[12Feb2025 17:36:50.642] [main/DEBUG] [net.minecraftforge.coremod.transformer.CoreModBaseTransformer/COREMOD]: Transforming net/minecraft/world/entity/monster/Evoker$EvokerSummonSpellGoal
[12Feb2025 17:36:50.761] [main/DEBUG] [net.minecraftforge.coremod.transformer.CoreModBaseTransformer/COREMOD]: Transforming net/minecraft/world/entity/animal/horse/SkeletonTrapGoal
[12Feb2025 17:36:50.779] [main/DEBUG] [net.minecraftforge.coremod.transformer.CoreModBaseTransformer/COREMOD]: Transforming net/minecraft/world/entity/monster/Strider
[12Feb2025 17:36:50.874] [main/DEBUG] [net.minecraftforge.coremod.transformer.CoreModBaseTransformer/COREMOD]: Transforming net/minecraft/world/entity/npc/Villager
[12Feb2025 17:36:50.966] [main/DEBUG] [net.minecraftforge.coremod.transformer.CoreModBaseTransformer/COREMOD]: Transforming net/minecraft/world/effect/MobEffectInstance
[12Feb2025 17:36:51.627] [main/DEBUG] [net.minecraftforge.coremod.transformer.CoreModBaseTransformer/COREMOD]: Transforming net/minecraft/world/level/levelgen/structure/Structure
[12Feb2025 17:36:51.673] [main/DEBUG] [net.minecraftforge.coremod.transformer.CoreModBaseTransformer/COREMOD]: Transforming net/minecraft/world/level/levelgen/structure/structures/OceanRuinPieces$OceanRuinPiece
[12Feb2025 17:36:51.689] [main/DEBUG] [net.minecraftforge.coremod.transformer.CoreModBaseTransformer/COREMOD]: Transforming net/minecraft/world/level/levelgen/structure/structures/SwampHutPiece
[12Feb2025 17:36:51.701] [main/DEBUG] [net.minecraftforge.coremod.transformer.CoreModBaseTransformer/COREMOD]: Transforming net/minecraft/world/level/levelgen/structure/structures/OceanMonumentPieces$OceanMonumentPiece
[12Feb2025 17:36:51.722] [main/DEBUG] [net.minecraftforge.coremod.transformer.CoreModBaseTransformer/COREMOD]: Transforming net/minecraft/world/level/levelgen/structure/structures/WoodlandMansionPieces$WoodlandMansionPiece
[12Feb2025 17:36:51.850] [main/DEBUG] [net.minecraftforge.coremod.transformer.CoreModBaseTransformer/COREMOD]: Transforming net/minecraft/world/level/biome/Biome
[12Feb2025 17:36:52.095] [main/DEBUG] [net.minecraftforge.common.ForgeI18n/CORE]: Loading I18N data entries: 6430
[12Feb2025 17:36:52.115] [main/DEBUG] [net.minecraftforge.fml.ModWorkManager/LOADING]: Using 4 threads for parallel mod-loading
[12Feb2025 17:36:52.124] [main/DEBUG] [net.minecraftforge.fml.javafmlmod.FMLJavaModLanguageProvider/LOADING]: Loading FMLModContainer from classloader cpw.mods.modlauncher.TransformingClassLoader@43d9f1a2 - got cpw.mods.cl.ModuleClassLoader@503fbbc6
[12Feb2025 17:36:52.124] [main/DEBUG] [net.minecraftforge.fml.javafmlmod.FMLModContainer/LOADING]: Creating FMLModContainer instance for net.minecraftforge.common.ForgeMod
[12Feb2025 17:36:52.163] [modloading-worker-0/DEBUG] [net.minecraftforge.versions.forge.ForgeVersion/CORE]: Forge Version package package net.minecraftforge.versions.forge, Forge, version 47.3 from cpw.mods.modlauncher.TransformingClassLoader@43d9f1a2
[12Feb2025 17:36:52.164] [modloading-worker-0/DEBUG] [net.minecraftforge.versions.forge.ForgeVersion/CORE]: Found Forge version 47.3.7
[12Feb2025 17:36:52.164] [modloading-worker-0/DEBUG] [net.minecraftforge.versions.forge.ForgeVersion/CORE]: Found Forge spec 47.3
[12Feb2025 17:36:52.164] [modloading-worker-0/DEBUG] [net.minecraftforge.versions.forge.ForgeVersion/CORE]: Found Forge group net.minecraftforge
[12Feb2025 17:36:52.165] [modloading-worker-0/DEBUG] [net.minecraftforge.versions.mcp.MCPVersion/CORE]: MCP Version package package net.minecraftforge.versions.mcp, Minecraft, version 1.20.1 from cpw.mods.modlauncher.TransformingClassLoader@43d9f1a2
[12Feb2025 17:36:52.165] [modloading-worker-0/DEBUG] [net.minecraftforge.versions.mcp.MCPVersion/CORE]: Found MC version information 1.20.1
[12Feb2025 17:36:52.165] [modloading-worker-0/DEBUG] [net.minecraftforge.versions.mcp.MCPVersion/CORE]: Found MCP version information 20230612.114412
[12Feb2025 17:36:52.166] [modloading-worker-0/INFO] [net.minecraftforge.common.ForgeMod/FORGEMOD]: Forge mod loading, version 47.3.7, for MC 1.20.1 with MCP 20230612.114412
[12Feb2025 17:36:52.175] [modloading-worker-0/INFO] [net.minecraftforge.common.MinecraftForge/FORGE]: MinecraftForge v47.3.7 Initialized
[12Feb2025 17:36:52.222] [modloading-worker-0/DEBUG] [io.netty.util.internal.PlatformDependent0/]: -Dio.netty.noUnsafe: false
[12Feb2025 17:36:52.222] [modloading-worker-0/DEBUG] [io.netty.util.internal.PlatformDependent0/]: Java version: 17
[12Feb2025 17:36:52.223] [modloading-worker-0/DEBUG] [io.netty.util.internal.PlatformDependent0/]: sun.misc.Unsafe.theUnsafe: available
[12Feb2025 17:36:52.223] [modloading-worker-0/DEBUG] [io.netty.util.internal.PlatformDependent0/]: sun.misc.Unsafe.copyMemory: available
[12Feb2025 17:36:52.224] [modloading-worker-0/DEBUG] [io.netty.util.internal.PlatformDependent0/]: sun.misc.Unsafe.storeFence: available
[12Feb2025 17:36:52.224] [modloading-worker-0/DEBUG] [io.netty.util.internal.PlatformDependent0/]: java.nio.Buffer.address: available
[12Feb2025 17:36:52.225] [modloading-worker-0/DEBUG] [io.netty.util.internal.PlatformDependent0/]: direct buffer constructor: unavailable
java.lang.UnsupportedOperationException: Reflective setAccessible(true) disabled
	at io.netty.util.internal.ReflectionUtil.trySetAccessible(ReflectionUtil.java:31) ~[netty-common-4.1.82.Final.jar%2382!/:4.1.82.Final]
	at io.netty.util.internal.PlatformDependent0$5.run(PlatformDependent0.java:288) ~[netty-common-4.1.82.Final.jar%2382!/:4.1.82.Final]
	at java.security.AccessController.doPrivileged(AccessController.java:318) ~[?:?]
	at io.netty.util.internal.PlatformDependent0.<clinit>(PlatformDependent0.java:282) ~[netty-common-4.1.82.Final.jar%2382!/:4.1.82.Final]
	at io.netty.util.internal.PlatformDependent.isAndroid(PlatformDependent.java:333) ~[netty-common-4.1.82.Final.jar%2382!/:4.1.82.Final]
	at io.netty.util.internal.PlatformDependent.<clinit>(PlatformDependent.java:88) ~[netty-common-4.1.82.Final.jar%2382!/:4.1.82.Final]
	at io.netty.util.ConstantPool.<init>(ConstantPool.java:34) ~[netty-common-4.1.82.Final.jar%2382!/:4.1.82.Final]
	at io.netty.util.AttributeKey$1.<init>(AttributeKey.java:27) ~[netty-common-4.1.82.Final.jar%2382!/:4.1.82.Final]
	at io.netty.util.AttributeKey.<clinit>(AttributeKey.java:27) ~[netty-common-4.1.82.Final.jar%2382!/:4.1.82.Final]
	at net.minecraftforge.network.NetworkConstants.<clinit>(NetworkConstants.java:34) ~[forge-1.20.1-47.3.7-universal.jar%23106!/:?]
	at net.minecraftforge.common.ForgeMod.<init>(ForgeMod.java:429) ~[forge-1.20.1-47.3.7-universal.jar%23106!/:?]
	at jdk.internal.reflect.NativeConstructorAccessorImpl.newInstance0(Native Method) ~[?:?]
	at jdk.internal.reflect.NativeConstructorAccessorImpl.newInstance(NativeConstructorAccessorImpl.java:77) ~[?:?]
	at jdk.internal.reflect.DelegatingConstructorAccessorImpl.newInstance(DelegatingConstructorAccessorImpl.java:45) ~[?:?]
	at java.lang.reflect.Constructor.newInstanceWithCaller(Constructor.java:500) ~[?:?]
	at java.lang.reflect.Constructor.newInstance(Constructor.java:481) ~[?:?]
	at net.minecraftforge.fml.javafmlmod.FMLModContainer.constructMod(FMLModContainer.java:70) ~[javafmllanguage-1.20.1-47.3.7.jar%23103!/:?]
	at net.minecraftforge.fml.ModContainer.lambda$buildTransitionHandler$4(ModContainer.java:124) ~[fmlcore-1.20.1-47.3.7.jar%23102!/:?]
	at java.util.concurrent.CompletableFuture$AsyncRun.run(CompletableFuture.java:1804) ~[?:?]
	at java.util.concurrent.CompletableFuture$AsyncRun.exec(CompletableFuture.java:1796) ~[?:?]
	at java.util.concurrent.ForkJoinTask.doExec(ForkJoinTask.java:373) ~[?:?]
	at java.util.concurrent.ForkJoinPool$WorkQueue.topLevelExec(ForkJoinPool.java:1182) ~[?:?]
	at java.util.concurrent.ForkJoinPool.scan(ForkJoinPool.java:1655) ~[?:?]
	at java.util.concurrent.ForkJoinPool.runWorker(ForkJoinPool.java:1622) ~[?:?]
	at java.util.concurrent.ForkJoinWorkerThread.run(ForkJoinWorkerThread.java:165) ~[?:?]
[12Feb2025 17:36:52.225] [modloading-worker-0/DEBUG] [io.netty.util.internal.PlatformDependent0/]: java.nio.Bits.unaligned: available, true
[12Feb2025 17:36:52.226] [modloading-worker-0/DEBUG] [io.netty.util.internal.PlatformDependent0/]: jdk.internal.misc.Unsafe.allocateUninitializedArray(int): unavailable
java.lang.IllegalAccessException: class io.netty.util.internal.PlatformDependent0$7 (in module io.netty.common) cannot access class jdk.internal.misc.Unsafe (in module java.base) because module java.base does not export jdk.internal.misc to module io.netty.common
	at jdk.internal.reflect.Reflection.newIllegalAccessException(Reflection.java:392) ~[?:?]
	at java.lang.reflect.AccessibleObject.checkAccess(AccessibleObject.java:674) ~[?:?]
	at java.lang.reflect.Method.invoke(Method.java:561) ~[?:?]
	at io.netty.util.internal.PlatformDependent0$7.run(PlatformDependent0.java:410) ~[netty-common-4.1.82.Final.jar%2382!/:4.1.82.Final]
	at java.security.AccessController.doPrivileged(AccessController.java:318) ~[?:?]
	at io.netty.util.internal.PlatformDependent0.<clinit>(PlatformDependent0.java:401) ~[netty-common-4.1.82.Final.jar%2382!/:4.1.82.Final]
	at io.netty.util.internal.PlatformDependent.isAndroid(PlatformDependent.java:333) ~[netty-common-4.1.82.Final.jar%2382!/:4.1.82.Final]
	at io.netty.util.internal.PlatformDependent.<clinit>(PlatformDependent.java:88) ~[netty-common-4.1.82.Final.jar%2382!/:4.1.82.Final]
	at io.netty.util.ConstantPool.<init>(ConstantPool.java:34) ~[netty-common-4.1.82.Final.jar%2382!/:4.1.82.Final]
	at io.netty.util.AttributeKey$1.<init>(AttributeKey.java:27) ~[netty-common-4.1.82.Final.jar%2382!/:4.1.82.Final]
	at io.netty.util.AttributeKey.<clinit>(AttributeKey.java:27) ~[netty-common-4.1.82.Final.jar%2382!/:4.1.82.Final]
	at net.minecraftforge.network.NetworkConstants.<clinit>(NetworkConstants.java:34) ~[forge-1.20.1-47.3.7-universal.jar%23106!/:?]
	at net.minecraftforge.common.ForgeMod.<init>(ForgeMod.java:429) ~[forge-1.20.1-47.3.7-universal.jar%23106!/:?]
	at jdk.internal.reflect.NativeConstructorAccessorImpl.newInstance0(Native Method) ~[?:?]
	at jdk.internal.reflect.NativeConstructorAccessorImpl.newInstance(NativeConstructorAccessorImpl.java:77) ~[?:?]
	at jdk.internal.reflect.DelegatingConstructorAccessorImpl.newInstance(DelegatingConstructorAccessorImpl.java:45) ~[?:?]
	at java.lang.reflect.Constructor.newInstanceWithCaller(Constructor.java:500) ~[?:?]
	at java.lang.reflect.Constructor.newInstance(Constructor.java:481) ~[?:?]
	at net.minecraftforge.fml.javafmlmod.FMLModContainer.constructMod(FMLModContainer.java:70) ~[javafmllanguage-1.20.1-47.3.7.jar%23103!/:?]
	at net.minecraftforge.fml.ModContainer.lambda$buildTransitionHandler$4(ModContainer.java:124) ~[fmlcore-1.20.1-47.3.7.jar%23102!/:?]
	at java.util.concurrent.CompletableFuture$AsyncRun.run(CompletableFuture.java:1804) ~[?:?]
	at java.util.concurrent.CompletableFuture$AsyncRun.exec(CompletableFuture.java:1796) ~[?:?]
	at java.util.concurrent.ForkJoinTask.doExec(ForkJoinTask.java:373) ~[?:?]
	at java.util.concurrent.ForkJoinPool$WorkQueue.topLevelExec(ForkJoinPool.java:1182) ~[?:?]
	at java.util.concurrent.ForkJoinPool.scan(ForkJoinPool.java:1655) ~[?:?]
	at java.util.concurrent.ForkJoinPool.runWorker(ForkJoinPool.java:1622) ~[?:?]
	at java.util.concurrent.ForkJoinWorkerThread.run(ForkJoinWorkerThread.java:165) ~[?:?]
[12Feb2025 17:36:52.227] [modloading-worker-0/DEBUG] [io.netty.util.internal.PlatformDependent0/]: java.nio.DirectByteBuffer.<init>(long, int): unavailable
[12Feb2025 17:36:52.227] [modloading-worker-0/DEBUG] [io.netty.util.internal.PlatformDependent/]: sun.misc.Unsafe: available
[12Feb2025 17:36:52.228] [modloading-worker-0/DEBUG] [io.netty.util.internal.PlatformDependent/]: maxDirectMemory: 12884901888 bytes (maybe)
[12Feb2025 17:36:52.228] [modloading-worker-0/DEBUG] [io.netty.util.internal.PlatformDependent/]: -Dio.netty.tmpdir: /tmp (java.io.tmpdir)
[12Feb2025 17:36:52.228] [modloading-worker-0/DEBUG] [io.netty.util.internal.PlatformDependent/]: -Dio.netty.bitMode: 64 (sun.arch.data.model)
[12Feb2025 17:36:52.229] [modloading-worker-0/DEBUG] [io.netty.util.internal.PlatformDependent/]: -Dio.netty.maxDirectMemory: -1 bytes
[12Feb2025 17:36:52.230] [modloading-worker-0/DEBUG] [io.netty.util.internal.PlatformDependent/]: -Dio.netty.uninitializedArrayAllocationThreshold: -1
[12Feb2025 17:36:52.232] [modloading-worker-0/DEBUG] [io.netty.util.internal.CleanerJava9/]: java.nio.ByteBuffer.cleaner(): available
[12Feb2025 17:36:52.232] [modloading-worker-0/DEBUG] [io.netty.util.internal.PlatformDependent/]: -Dio.netty.noPreferDirect: false
[12Feb2025 17:36:52.253] [modloading-worker-0/DEBUG] [net.minecraftforge.common.ForgeMod/FORGEMOD]: Loading Network data for FML net version: FML3
[12Feb2025 17:36:52.291] [modloading-worker-0/DEBUG] [net.minecraftforge.fml.config.ConfigTracker/CONFIG]: Config file forge-client.toml for forge tracking
[12Feb2025 17:36:52.292] [modloading-worker-0/DEBUG] [net.minecraftforge.fml.config.ConfigTracker/CONFIG]: Config file forge-server.toml for forge tracking
[12Feb2025 17:36:52.292] [modloading-worker-0/DEBUG] [net.minecraftforge.fml.ModLoadingContext/]: Attempted to register an empty config for type COMMON on mod forge
[12Feb2025 17:36:52.331] [modloading-worker-0/DEBUG] [net.minecraftforge.fml.javafmlmod.AutomaticEventSubscriber/LOADING]: Attempting to inject @EventBusSubscriber classes into the eventbus for forge
[12Feb2025 17:36:52.333] [modloading-worker-0/DEBUG] [net.minecraftforge.fml.javafmlmod.AutomaticEventSubscriber/LOADING]: Auto-subscribing net.minecraftforge.common.ForgeSpawnEggItem$CommonHandler to MOD
[12Feb2025 17:36:52.380] [main/DEBUG] [net.minecraftforge.common.capabilities.CapabilityManager/CAPABILITIES]: Attempting to automatically register: Lnet/minecraftforge/energy/IEnergyStorage;
[12Feb2025 17:36:52.381] [main/DEBUG] [net.minecraftforge.common.capabilities.CapabilityManager/CAPABILITIES]: Attempting to automatically register: Lnet/minecraftforge/fluids/capability/IFluidHandler;
[12Feb2025 17:36:52.381] [main/DEBUG] [net.minecraftforge.common.capabilities.CapabilityManager/CAPABILITIES]: Attempting to automatically register: Lnet/minecraftforge/fluids/capability/IFluidHandlerItem;
[12Feb2025 17:36:52.381] [main/DEBUG] [net.minecraftforge.common.capabilities.CapabilityManager/CAPABILITIES]: Attempting to automatically register: Lnet/minecraftforge/items/IItemHandler;
[12Feb2025 17:36:52.523] [main/DEBUG] [net.minecraftforge.fml.config.ConfigTracker/CONFIG]: Loading configs type COMMON
[12Feb2025 17:36:52.764] [Forge Version Check/INFO] [net.minecraftforge.fml.VersionChecker/]: [forge] Starting version check at https://files.minecraftforge.net/net/minecraftforge/forge/promotions_slim.json
[12Feb2025 17:36:53.149] [Forge Version Check/DEBUG] [net.minecraftforge.fml.VersionChecker/]: [forge] Received version check data:
{
  "homepage": "https://files.minecraftforge.net/net/minecraftforge/forge/",
  "promos": {
    "1.1-latest": "1.3.4.29",
    "1.2.3-latest": "1.4.1.64",
    "1.2.4-latest": "2.0.0.68",
    "1.2.5-latest": "3.4.9.171",
    "1.3.2-latest": "4.3.5.318",
    "1.4.0-latest": "5.0.0.326",
    "1.4.1-latest": "6.0.0.329",
    "1.4.2-latest": "6.0.1.355",
    "1.4.3-latest": "6.2.1.358",
    "1.4.4-latest": "6.3.0.378",
    "1.4.5-latest": "6.4.2.448",
    "1.4.6-latest": "6.5.0.489",
    "1.4.7-latest": "6.6.2.534",
    "1.5-latest": "7.7.0.598",
    "1.5.1-latest": "7.7.2.682",
    "1.5.2-latest": "7.8.1.738",
    "1.5.2-recommended": "7.8.1.738",
    "1.6.1-latest": "8.9.0.775",
    "1.6.2-latest": "9.10.1.871",
    "1.6.2-recommended": "9.10.1.871",
    "1.6.3-latest": "9.11.0.878",
    "1.6.4-latest": "9.11.1.1345",
    "1.6.4-recommended": "9.11.1.1345",
    "1.7.2-latest": "10.12.2.1161",
    "1.7.2-recommended": "10.12.2.1161",
    "1.7.10_pre4-latest": "10.12.2.1149",
    "1.7.10-latest": "10.13.4.1614",
    "1.7.10-recommended": "10.13.4.1614",
    "1.8-latest": "11.14.4.1577",
    "1.8-recommended": "11.14.4.1563",
    "1.8.8-latest": "11.15.0.1655",
    "1.8.9-latest": "11.15.1.2318",
    "1.8.9-recommended": "11.15.1.2318",
    "1.9-latest": "12.16.1.1938",
    "1.9-recommended": "12.16.1.1887",
    "1.9.4-latest": "12.17.0.2317",
    "1.9.4-recommended": "12.17.0.2317",
    "1.10-latest": "12.18.0.2000",
    "1.10.2-latest": "12.18.3.2511",
    "1.10.2-recommended": "12.18.3.2511",
    "1.11-latest": "13.19.1.2199",
    "1.11-recommended": "13.19.1.2189",
    "1.11.2-latest": "13.20.1.2588",
    "1.11.2-recommended": "13.20.1.2588",
    "1.12-latest": "14.21.1.2443",
    "1.12-recommended": "14.21.1.2387",
    "1.12.1-latest": "14.22.1.2485",
    "1.12.1-recommended": "14.22.1.2478",
    "1.12.2-latest": "14.23.5.2860",
    "1.12.2-recommended": "14.23.5.2859",
    "1.13.2-latest": "25.0.223",
    "1.14.2-latest": "26.0.63",
    "1.14.3-latest": "27.0.60",
    "1.14.4-latest": "28.2.26",
    "1.14.4-recommended": "28.2.26",
    "1.15-latest": "29.0.4",
    "1.15.1-latest": "30.0.51",
    "1.15.2-latest": "31.2.57",
    "1.15.2-recommended": "31.2.57",
    "1.16.1-latest": "32.0.108",
    "1.16.2-latest": "33.0.61",
    "1.16.3-latest": "34.1.42",
    "1.16.3-recommended": "34.1.0",
    "1.16.4-latest": "35.1.37",
    "1.16.4-recommended": "35.1.4",
    "1.16.5-latest": "36.2.42",
    "1.16.5-recommended": "36.2.34",
    "1.17.1-latest": "37.1.1",
    "1.17.1-recommended": "37.1.1",
    "1.18-latest": "38.0.17",
    "1.18.1-latest": "39.1.2",
    "1.18.1-recommended": "39.1.0",
    "1.18.2-recommended": "40.3.0",
    "1.18.2-latest": "40.3.3",
    "1.19-latest": "41.1.0",
    "1.19-recommended": "41.1.0",
    "1.19.1-latest": "42.0.9",
    "1.19.2-recommended": "43.4.0",
    "1.19.2-latest": "43.4.16",
    "1.19.3-latest": "44.1.23",
    "1.19.3-recommended": "44.1.0",
    "1.19.4-recommended": "45.3.0",
    "1.19.4-latest": "45.3.20",
    "1.20-latest": "46.0.14",
    "1.20.1-recommended": "47.3.0",
    "1.20.1-latest": "47.3.27",
    "1.20.2-latest": "48.1.0",
    "1.20.2-recommended": "48.1.0",
    "1.20.3-latest": "49.0.2",
    "1.20.4-latest": "49.1.29",
    "1.20.4-recommended": "49.1.0",
    "1.20.6-latest": "50.1.39",
    "1.20.6-recommended": "50.1.0",
    "1.21-latest": "51.0.33",
    "1.21.1-latest": "52.0.47",
    "1.21.3-latest": "53.0.44",
    "1.21.4-latest": "54.0.26"
  }
}
[12Feb2025 17:36:53.150] [Forge Version Check/INFO] [net.minecraftforge.fml.VersionChecker/]: [forge] Found status: OUTDATED Current: 47.3.7 Target: 47.3.27
[12Feb2025 17:36:53.828] [main/INFO] [com.mojang.authlib.yggdrasil.YggdrasilAuthenticationService/]: Environment: authHost='https://authserver.mojang.com', accountsHost='https://api.mojang.com', sessionHost='https://sessionserver.mojang.com', servicesHost='https://api.minecraftservices.com', name='PROD'
[12Feb2025 17:36:53.930] [main/WARN] [net.minecraft.server.packs.VanillaPackResourcesBuilder/]: Assets URL 'union:/workspaces/didactic-octo-memory/servidor_minecraft/libraries/net/minecraft/server/1.20.1-20230612.114412/server-1.20.1-20230612.114412-srg.jar%23101!/assets/.mcassetsroot' uses unexpected schema
[12Feb2025 17:36:53.930] [main/WARN] [net.minecraft.server.packs.VanillaPackResourcesBuilder/]: Assets URL 'union:/workspaces/didactic-octo-memory/servidor_minecraft/libraries/net/minecraft/server/1.20.1-20230612.114412/server-1.20.1-20230612.114412-srg.jar%23101!/data/.mcassetsroot' uses unexpected schema
[12Feb2025 17:36:53.962] [main/DEBUG] [net.minecraftforge.server.ServerLifecycleHooks/CORE]: Generating PackInfo named mod:forge for mod file /workspaces/didactic-octo-memory/servidor_minecraft/libraries/net/minecraftforge/forge/1.20.1-47.3.7/forge-1.20.1-47.3.7-universal.jar
[12Feb2025 17:36:53.963] [main/WARN] [net.minecraft.server.MinecraftServer/]: Missing data pack paper
[12Feb2025 17:36:55.020] [main/DEBUG] [net.minecraftforge.coremod.transformer.CoreModBaseTransformer/COREMOD]: Transforming net/minecraft/server/commands/SummonCommand
[12Feb2025 17:36:55.729] [Worker-Main-3/DEBUG] [net.minecraftforge.coremod.transformer.CoreModBaseTransformer/COREMOD]: Transforming net/minecraft/world/entity/raid/Raid
[12Feb2025 17:36:56.138] [main/INFO] [net.minecraft.world.item.crafting.RecipeManager/]: Loaded 7 recipes
[12Feb2025 17:36:56.357] [main/INFO] [net.minecraft.advancements.AdvancementList/]: Loaded 1271 advancements
[12Feb2025 17:36:56.953] [main/DEBUG] [net.minecraftforge.common.ForgeHooks/WP]: Gathering id map for writing to world save world
[12Feb2025 17:36:56.988] [main/DEBUG] [net.minecraftforge.common.ForgeHooks/WP]: ID Map collection complete world
[12Feb2025 17:36:57.042] [Server thread/INFO] [net.minecraft.server.dedicated.DedicatedServer/]: Starting minecraft server version 1.20.1
[12Feb2025 17:36:57.043] [Server thread/INFO] [net.minecraft.server.dedicated.DedicatedServer/]: Loading properties
[12Feb2025 17:36:57.043] [Server thread/INFO] [net.minecraft.server.dedicated.DedicatedServer/]: Default game type: SURVIVAL
[12Feb2025 17:36:57.043] [Server thread/INFO] [net.minecraft.server.MinecraftServer/]: Generating keypair
[12Feb2025 17:36:57.337] [Server thread/INFO] [net.minecraft.server.dedicated.DedicatedServer/]: Starting Minecraft server on *:25565
[12Feb2025 17:36:57.338] [Server thread/DEBUG] [net.minecraftforge.network.DualStackUtils/]: Detected IPv6 address: "0:0:0:0:0:0:0:0"
[12Feb2025 17:36:57.343] [Server thread/DEBUG] [io.netty.util.internal.NativeLibraryLoader/]: -Dio.netty.native.workdir: /tmp (io.netty.tmpdir)
[12Feb2025 17:36:57.343] [Server thread/DEBUG] [io.netty.util.internal.NativeLibraryLoader/]: -Dio.netty.native.deleteLibAfterLoading: true
[12Feb2025 17:36:57.344] [Server thread/DEBUG] [io.netty.util.internal.NativeLibraryLoader/]: -Dio.netty.native.tryPatchShadedId: true
[12Feb2025 17:36:57.344] [Server thread/DEBUG] [io.netty.util.internal.NativeLibraryLoader/]: -Dio.netty.native.detectNativeLibraryDuplicates: true
[12Feb2025 17:36:57.349] [Server thread/DEBUG] [io.netty.util.internal.NativeLibraryLoader/]: Successfully loaded the library /tmp/libnetty_transport_native_epoll_x86_642529584976873647773.so
[12Feb2025 17:36:57.351] [Server thread/DEBUG] [io.netty.util.NetUtil/]: -Djava.net.preferIPv4Stack: false
[12Feb2025 17:36:57.351] [Server thread/DEBUG] [io.netty.util.NetUtil/]: -Djava.net.preferIPv6Addresses: true
[12Feb2025 17:36:57.353] [Server thread/DEBUG] [io.netty.util.NetUtilInitializations/]: Loopback interface: lo (lo, 0:0:0:0:0:0:0:1%lo)
[12Feb2025 17:36:57.355] [Server thread/DEBUG] [io.netty.util.NetUtil/]: /proc/sys/net/core/somaxconn: 4096
[12Feb2025 17:36:57.357] [Server thread/INFO] [net.minecraft.server.network.ServerConnectionListener/]: Using epoll channel type
[12Feb2025 17:36:57.367] [Server thread/DEBUG] [io.netty.channel.MultithreadEventLoopGroup/]: -Dio.netty.eventLoopThreads: 8
[12Feb2025 17:36:57.377] [Server thread/DEBUG] [io.netty.util.internal.InternalThreadLocalMap/]: -Dio.netty.threadLocalMap.stringBuilder.initialSize: 1024
[12Feb2025 17:36:57.377] [Server thread/DEBUG] [io.netty.util.internal.InternalThreadLocalMap/]: -Dio.netty.threadLocalMap.stringBuilder.maxSize: 4096
[12Feb2025 17:36:57.384] [Server thread/DEBUG] [io.netty.util.internal.PlatformDependent/]: org.jctools-core.MpscChunkedArrayQueue: available
[12Feb2025 17:36:57.390] [Server thread/DEBUG] [io.netty.channel.DefaultChannelId/]: -Dio.netty.processId: 11944 (auto-detected)
[12Feb2025 17:36:57.391] [Server thread/DEBUG] [io.netty.channel.DefaultChannelId/]: -Dio.netty.machineId: 7c:1e:52:ff:fe:b8:35:d0 (auto-detected)
[12Feb2025 17:36:57.409] [Server thread/DEBUG] [io.netty.buffer.PooledByteBufAllocator/]: -Dio.netty.allocator.numHeapArenas: 8
[12Feb2025 17:36:57.410] [Server thread/DEBUG] [io.netty.buffer.PooledByteBufAllocator/]: -Dio.netty.allocator.numDirectArenas: 8
[12Feb2025 17:36:57.410] [Server thread/DEBUG] [io.netty.buffer.PooledByteBufAllocator/]: -Dio.netty.allocator.pageSize: 8192
[12Feb2025 17:36:57.410] [Server thread/DEBUG] [io.netty.buffer.PooledByteBufAllocator/]: -Dio.netty.allocator.maxOrder: 9
[12Feb2025 17:36:57.410] [Server thread/DEBUG] [io.netty.buffer.PooledByteBufAllocator/]: -Dio.netty.allocator.chunkSize: 4194304
[12Feb2025 17:36:57.410] [Server thread/DEBUG] [io.netty.buffer.PooledByteBufAllocator/]: -Dio.netty.allocator.smallCacheSize: 256
[12Feb2025 17:36:57.410] [Server thread/DEBUG] [io.netty.buffer.PooledByteBufAllocator/]: -Dio.netty.allocator.normalCacheSize: 64
[12Feb2025 17:36:57.410] [Server thread/DEBUG] [io.netty.buffer.PooledByteBufAllocator/]: -Dio.netty.allocator.maxCachedBufferCapacity: 32768
[12Feb2025 17:36:57.410] [Server thread/DEBUG] [io.netty.buffer.PooledByteBufAllocator/]: -Dio.netty.allocator.cacheTrimInterval: 8192
[12Feb2025 17:36:57.410] [Server thread/DEBUG] [io.netty.buffer.PooledByteBufAllocator/]: -Dio.netty.allocator.cacheTrimIntervalMillis: 0
[12Feb2025 17:36:57.410] [Server thread/DEBUG] [io.netty.buffer.PooledByteBufAllocator/]: -Dio.netty.allocator.useCacheForAllThreads: false
[12Feb2025 17:36:57.410] [Server thread/DEBUG] [io.netty.buffer.PooledByteBufAllocator/]: -Dio.netty.allocator.maxCachedByteBuffersPerChunk: 1023
[12Feb2025 17:36:57.417] [Server thread/DEBUG] [io.netty.buffer.ByteBufUtil/]: -Dio.netty.allocator.type: pooled
[12Feb2025 17:36:57.417] [Server thread/DEBUG] [io.netty.buffer.ByteBufUtil/]: -Dio.netty.threadLocalDirectBufferSize: 0
[12Feb2025 17:36:57.417] [Server thread/DEBUG] [io.netty.buffer.ByteBufUtil/]: -Dio.netty.maxThreadLocalCharBufferSize: 16384
[12Feb2025 17:36:57.425] [Server thread/WARN] [net.minecraft.server.dedicated.DedicatedServer/]: **** SERVER IS RUNNING IN OFFLINE/INSECURE MODE!
[12Feb2025 17:36:57.425] [Server thread/WARN] [net.minecraft.server.dedicated.DedicatedServer/]: The server will make no attempt to authenticate usernames. Beware.
[12Feb2025 17:36:57.425] [Server thread/WARN] [net.minecraft.server.dedicated.DedicatedServer/]: While this makes the game possible to play without internet access, it also opens up the ability for hackers to connect with any username they choose.
[12Feb2025 17:36:57.426] [Server thread/WARN] [net.minecraft.server.dedicated.DedicatedServer/]: To change this, set "online-mode" to "true" in the server.properties file.
[12Feb2025 17:36:57.438] [Server thread/DEBUG] [net.minecraftforge.fml.config.ConfigTracker/CONFIG]: Loading configs type SERVER
[12Feb2025 17:36:57.440] [Server thread/DEBUG] [net.minecraftforge.fml.config.ConfigFileTypeHandler/CONFIG]: Built TOML config for ./world/serverconfig/forge-server.toml
[12Feb2025 17:36:57.440] [Server thread/DEBUG] [net.minecraftforge.fml.config.ConfigFileTypeHandler/CONFIG]: Loaded TOML config file ./world/serverconfig/forge-server.toml
[12Feb2025 17:36:57.447] [Server thread/DEBUG] [net.minecraftforge.fml.config.ConfigFileTypeHandler/CONFIG]: Watching TOML config file ./world/serverconfig/forge-server.toml for changes
[12Feb2025 17:36:57.449] [Server thread/WARN] [net.minecraftforge.common.ForgeConfigSpec/CORE]: Configuration file ./world/serverconfig/forge-server.toml is not correct. Correcting
[12Feb2025 17:36:57.451] [Server thread/WARN] [net.minecraftforge.common.ForgeConfigSpec/CORE]: Incorrect key server was corrected from null to its default, SimpleCommentedConfig:{}. 
[12Feb2025 17:36:57.452] [Server thread/WARN] [net.minecraftforge.common.ForgeConfigSpec/CORE]: Incorrect key server.removeErroringBlockEntities was corrected from null to its default, false. 
[12Feb2025 17:36:57.454] [Server thread/DEBUG] [net.minecraftforge.common.ForgeConfigSpec/CORE]: The comment on key server.removeErroringBlockEntities does not match the spec. This may create a backup.
[12Feb2025 17:36:57.454] [Server thread/WARN] [net.minecraftforge.common.ForgeConfigSpec/CORE]: Incorrect key server.removeErroringEntities was corrected from null to its default, false. 
[12Feb2025 17:36:57.456] [Server thread/DEBUG] [net.minecraftforge.common.ForgeConfigSpec/CORE]: The comment on key server.removeErroringEntities does not match the spec. This may create a backup.
[12Feb2025 17:36:57.456] [Server thread/WARN] [net.minecraftforge.common.ForgeConfigSpec/CORE]: Incorrect key server.fullBoundingBoxLadders was corrected from null to its default, false. 
[12Feb2025 17:36:57.458] [Server thread/DEBUG] [net.minecraftforge.common.ForgeConfigSpec/CORE]: The comment on key server.fullBoundingBoxLadders does not match the spec. This may create a backup.
[12Feb2025 17:36:57.458] [Server thread/WARN] [net.minecraftforge.common.ForgeConfigSpec/CORE]: Incorrect key server.zombieBaseSummonChance was corrected from null to its default, 0.1. 
[12Feb2025 17:36:57.461] [Server thread/DEBUG] [net.minecraftforge.common.ForgeConfigSpec/CORE]: The comment on key server.zombieBaseSummonChance does not match the spec. This may create a backup.
[12Feb2025 17:36:57.461] [Server thread/WARN] [net.minecraftforge.common.ForgeConfigSpec/CORE]: Incorrect key server.zombieBabyChance was corrected from null to its default, 0.05. 
[12Feb2025 17:36:57.462] [Server thread/DEBUG] [net.minecraftforge.common.ForgeConfigSpec/CORE]: The comment on key server.zombieBabyChance does not match the spec. This may create a backup.
[12Feb2025 17:36:57.464] [Server thread/WARN] [net.minecraftforge.common.ForgeConfigSpec/CORE]: Incorrect key server.permissionHandler was corrected from null to its default, forge:default_handler. 
[12Feb2025 17:36:57.465] [Server thread/DEBUG] [net.minecraftforge.common.ForgeConfigSpec/CORE]: The comment on key server.permissionHandler does not match the spec. This may create a backup.
[12Feb2025 17:36:57.465] [Server thread/WARN] [net.minecraftforge.common.ForgeConfigSpec/CORE]: Incorrect key server.advertiseDedicatedServerToLan was corrected from null to its default, true. 
[12Feb2025 17:36:57.466] [Server thread/DEBUG] [net.minecraftforge.common.ForgeConfigSpec/CORE]: The comment on key server.advertiseDedicatedServerToLan does not match the spec. This may create a backup.
[12Feb2025 17:36:57.466] [Server thread/DEBUG] [net.minecraftforge.common.ForgeConfigSpec/CORE]: The comment on key server does not match the spec. This may create a backup.
[12Feb2025 17:36:57.470] [Thread-2/DEBUG] [net.minecraftforge.fml.config.ConfigFileTypeHandler/CONFIG]: Config file forge-server.toml changed, sending notifies
[12Feb2025 17:36:57.471] [Thread-2/DEBUG] [net.minecraftforge.common.ForgeConfig/FORGEMOD]: Forge config just got changed on the file system!
[12Feb2025 17:36:57.471] [Thread-2/DEBUG] [net.minecraftforge.fml.config.ConfigFileTypeHandler/CONFIG]: Config file forge-server.toml changed, sending notifies
[12Feb2025 17:36:57.472] [Thread-2/DEBUG] [net.minecraftforge.common.ForgeConfig/FORGEMOD]: Forge config just got changed on the file system!
[12Feb2025 17:36:57.473] [Server thread/DEBUG] [net.minecraftforge.common.ForgeConfig/FORGEMOD]: Loaded forge config file forge-server.toml
[12Feb2025 17:36:57.473] [Thread-2/DEBUG] [net.minecraftforge.fml.config.ConfigFileTypeHandler/CONFIG]: Config file forge-server.toml changed, sending notifies
[12Feb2025 17:36:57.473] [Thread-2/DEBUG] [net.minecraftforge.common.ForgeConfig/FORGEMOD]: Forge config just got changed on the file system!
[12Feb2025 17:36:57.474] [Thread-2/DEBUG] [net.minecraftforge.fml.config.ConfigFileTypeHandler/CONFIG]: Config file forge-server.toml changed, sending notifies
[12Feb2025 17:36:57.474] [Thread-2/DEBUG] [net.minecraftforge.common.ForgeConfig/FORGEMOD]: Forge config just got changed on the file system!
[12Feb2025 17:36:57.513] [Server thread/INFO] [net.minecraft.server.dedicated.DedicatedServer/]: Preparing level "world"
[12Feb2025 17:36:57.524] [Server thread/DEBUG] [net.minecraftforge.coremod.transformer.CoreModBaseTransformer/COREMOD]: Transforming net/minecraft/world/level/levelgen/PhantomSpawner
[12Feb2025 17:36:57.536] [Server thread/DEBUG] [net.minecraftforge.coremod.transformer.CoreModBaseTransformer/COREMOD]: Transforming net/minecraft/world/level/levelgen/PatrolSpawner
[12Feb2025 17:36:57.541] [Server thread/DEBUG] [net.minecraftforge.coremod.transformer.CoreModBaseTransformer/COREMOD]: Transforming net/minecraft/world/entity/npc/CatSpawner
[12Feb2025 17:36:57.545] [Server thread/DEBUG] [net.minecraftforge.coremod.transformer.CoreModBaseTransformer/COREMOD]: Transforming net/minecraft/world/entity/ai/village/VillageSiege
[12Feb2025 17:36:57.810] [Server thread/ERROR] [net.minecraft.world.RandomSequences/]: Failed to load random sequence salt
java.util.NoSuchElementException: No value present
	at java.util.Optional.get(Optional.java:143) ~[?:?]
	at net.minecraft.world.RandomSequences.m_287187_(RandomSequences.java:103) ~[server-1.20.1-20230612.114412-srg.jar%23101!/:?]
	at net.minecraft.server.level.ServerLevel.m_287052_(ServerLevel.java:239) ~[server-1.20.1-20230612.114412-srg.jar%23101!/:?]
	at net.minecraft.world.level.storage.DimensionDataStorage.m_164868_(DimensionDataStorage.java:70) ~[server-1.20.1-20230612.114412-srg.jar%23101!/:?]
	at net.minecraft.world.level.storage.DimensionDataStorage.m_164858_(DimensionDataStorage.java:54) ~[server-1.20.1-20230612.114412-srg.jar%23101!/:?]
	at net.minecraft.world.level.storage.DimensionDataStorage.m_164861_(DimensionDataStorage.java:39) ~[server-1.20.1-20230612.114412-srg.jar%23101!/:?]
	at net.minecraft.server.level.ServerLevel.m_288114_(ServerLevel.java:238) ~[server-1.20.1-20230612.114412-srg.jar%23101!/:?]
	at java.util.Objects.requireNonNullElseGet(Objects.java:310) ~[?:?]
	at net.minecraft.server.level.ServerLevel.<init>(ServerLevel.java:237) ~[server-1.20.1-20230612.114412-srg.jar%23101!/:?]
	at net.minecraft.server.MinecraftServer.m_129815_(MinecraftServer.java:337) ~[server-1.20.1-20230612.114412-srg.jar%23101!/:?]
	at net.minecraft.server.MinecraftServer.m_130006_(MinecraftServer.java:308) ~[server-1.20.1-20230612.114412-srg.jar%23101!/:?]
	at net.minecraft.server.dedicated.DedicatedServer.m_7038_(DedicatedServer.java:164) ~[server-1.20.1-20230612.114412-srg.jar%23101!/:?]
	at net.minecraft.server.MinecraftServer.m_130011_(MinecraftServer.java:634) ~[server-1.20.1-20230612.114412-srg.jar%23101!/:?]
	at net.minecraft.server.MinecraftServer.m_206580_(MinecraftServer.java:251) ~[server-1.20.1-20230612.114412-srg.jar%23101!/:?]
	at java.lang.Thread.run(Thread.java:840) ~[?:?]
[12Feb2025 17:36:57.813] [Server thread/ERROR] [net.minecraft.world.RandomSequences/]: Failed to load random sequence include_sequence_id
java.util.NoSuchElementException: No value present
	at java.util.Optional.get(Optional.java:143) ~[?:?]
	at net.minecraft.world.RandomSequences.m_287187_(RandomSequences.java:103) ~[server-1.20.1-20230612.114412-srg.jar%23101!/:?]
	at net.minecraft.server.level.ServerLevel.m_287052_(ServerLevel.java:239) ~[server-1.20.1-20230612.114412-srg.jar%23101!/:?]
	at net.minecraft.world.level.storage.DimensionDataStorage.m_164868_(DimensionDataStorage.java:70) ~[server-1.20.1-20230612.114412-srg.jar%23101!/:?]
	at net.minecraft.world.level.storage.DimensionDataStorage.m_164858_(DimensionDataStorage.java:54) ~[server-1.20.1-20230612.114412-srg.jar%23101!/:?]
	at net.minecraft.world.level.storage.DimensionDataStorage.m_164861_(DimensionDataStorage.java:39) ~[server-1.20.1-20230612.114412-srg.jar%23101!/:?]
	at net.minecraft.server.level.ServerLevel.m_288114_(ServerLevel.java:238) ~[server-1.20.1-20230612.114412-srg.jar%23101!/:?]
	at java.util.Objects.requireNonNullElseGet(Objects.java:310) ~[?:?]
	at net.minecraft.server.level.ServerLevel.<init>(ServerLevel.java:237) ~[server-1.20.1-20230612.114412-srg.jar%23101!/:?]
	at net.minecraft.server.MinecraftServer.m_129815_(MinecraftServer.java:337) ~[server-1.20.1-20230612.114412-srg.jar%23101!/:?]
	at net.minecraft.server.MinecraftServer.m_130006_(MinecraftServer.java:308) ~[server-1.20.1-20230612.114412-srg.jar%23101!/:?]
	at net.minecraft.server.dedicated.DedicatedServer.m_7038_(DedicatedServer.java:164) ~[server-1.20.1-20230612.114412-srg.jar%23101!/:?]
	at net.minecraft.server.MinecraftServer.m_130011_(MinecraftServer.java:634) ~[server-1.20.1-20230612.114412-srg.jar%23101!/:?]
	at net.minecraft.server.MinecraftServer.m_206580_(MinecraftServer.java:251) ~[server-1.20.1-20230612.114412-srg.jar%23101!/:?]
	at java.lang.Thread.run(Thread.java:840) ~[?:?]
[12Feb2025 17:36:57.828] [Server thread/ERROR] [net.minecraft.world.RandomSequences/]: Failed to load random sequence sequences
java.util.NoSuchElementException: No value present
	at java.util.Optional.get(Optional.java:143) ~[?:?]
	at net.minecraft.world.RandomSequences.m_287187_(RandomSequences.java:103) ~[server-1.20.1-20230612.114412-srg.jar%23101!/:?]
	at net.minecraft.server.level.ServerLevel.m_287052_(ServerLevel.java:239) ~[server-1.20.1-20230612.114412-srg.jar%23101!/:?]
	at net.minecraft.world.level.storage.DimensionDataStorage.m_164868_(DimensionDataStorage.java:70) ~[server-1.20.1-20230612.114412-srg.jar%23101!/:?]
	at net.minecraft.world.level.storage.DimensionDataStorage.m_164858_(DimensionDataStorage.java:54) ~[server-1.20.1-20230612.114412-srg.jar%23101!/:?]
	at net.minecraft.world.level.storage.DimensionDataStorage.m_164861_(DimensionDataStorage.java:39) ~[server-1.20.1-20230612.114412-srg.jar%23101!/:?]
	at net.minecraft.server.level.ServerLevel.m_288114_(ServerLevel.java:238) ~[server-1.20.1-20230612.114412-srg.jar%23101!/:?]
	at java.util.Objects.requireNonNullElseGet(Objects.java:310) ~[?:?]
	at net.minecraft.server.level.ServerLevel.<init>(ServerLevel.java:237) ~[server-1.20.1-20230612.114412-srg.jar%23101!/:?]
	at net.minecraft.server.MinecraftServer.m_129815_(MinecraftServer.java:337) ~[server-1.20.1-20230612.114412-srg.jar%23101!/:?]
	at net.minecraft.server.MinecraftServer.m_130006_(MinecraftServer.java:308) ~[server-1.20.1-20230612.114412-srg.jar%23101!/:?]
	at net.minecraft.server.dedicated.DedicatedServer.m_7038_(DedicatedServer.java:164) ~[server-1.20.1-20230612.114412-srg.jar%23101!/:?]
	at net.minecraft.server.MinecraftServer.m_130011_(MinecraftServer.java:634) ~[server-1.20.1-20230612.114412-srg.jar%23101!/:?]
	at net.minecraft.server.MinecraftServer.m_206580_(MinecraftServer.java:251) ~[server-1.20.1-20230612.114412-srg.jar%23101!/:?]
	at java.lang.Thread.run(Thread.java:840) ~[?:?]
[12Feb2025 17:36:57.831] [Server thread/ERROR] [net.minecraft.world.RandomSequences/]: Failed to load random sequence include_world_seed
java.util.NoSuchElementException: No value present
	at java.util.Optional.get(Optional.java:143) ~[?:?]
	at net.minecraft.world.RandomSequences.m_287187_(RandomSequences.java:103) ~[server-1.20.1-20230612.114412-srg.jar%23101!/:?]
	at net.minecraft.server.level.ServerLevel.m_287052_(ServerLevel.java:239) ~[server-1.20.1-20230612.114412-srg.jar%23101!/:?]
	at net.minecraft.world.level.storage.DimensionDataStorage.m_164868_(DimensionDataStorage.java:70) ~[server-1.20.1-20230612.114412-srg.jar%23101!/:?]
	at net.minecraft.world.level.storage.DimensionDataStorage.m_164858_(DimensionDataStorage.java:54) ~[server-1.20.1-20230612.114412-srg.jar%23101!/:?]
	at net.minecraft.world.level.storage.DimensionDataStorage.m_164861_(DimensionDataStorage.java:39) ~[server-1.20.1-20230612.114412-srg.jar%23101!/:?]
	at net.minecraft.server.level.ServerLevel.m_288114_(ServerLevel.java:238) ~[server-1.20.1-20230612.114412-srg.jar%23101!/:?]
	at java.util.Objects.requireNonNullElseGet(Objects.java:310) ~[?:?]
	at net.minecraft.server.level.ServerLevel.<init>(ServerLevel.java:237) ~[server-1.20.1-20230612.114412-srg.jar%23101!/:?]
	at net.minecraft.server.MinecraftServer.m_129815_(MinecraftServer.java:337) ~[server-1.20.1-20230612.114412-srg.jar%23101!/:?]
	at net.minecraft.server.MinecraftServer.m_130006_(MinecraftServer.java:308) ~[server-1.20.1-20230612.114412-srg.jar%23101!/:?]
	at net.minecraft.server.dedicated.DedicatedServer.m_7038_(DedicatedServer.java:164) ~[server-1.20.1-20230612.114412-srg.jar%23101!/:?]
	at net.minecraft.server.MinecraftServer.m_130011_(MinecraftServer.java:634) ~[server-1.20.1-20230612.114412-srg.jar%23101!/:?]
	at net.minecraft.server.MinecraftServer.m_206580_(MinecraftServer.java:251) ~[server-1.20.1-20230612.114412-srg.jar%23101!/:?]
	at java.lang.Thread.run(Thread.java:840) ~[?:?]
[12Feb2025 17:37:00.724] [Server thread/INFO] [net.minecraft.server.MinecraftServer/]: Preparing start region for dimension minecraft:overworld
[12Feb2025 17:37:03.498] [Server thread/DEBUG] [net.minecraftforge.coremod.transformer.CoreModBaseTransformer/COREMOD]: Transforming net/minecraft/world/level/levelgen/structure/templatesystem/StructureTemplate
[12Feb2025 17:37:03.827] [Server thread/WARN] [net.minecraft.world.level.chunk.storage.ChunkSerializer/]: Found reference to unknown structure 'minecraft:trial_chambers' in chunk [-2, 3], discarding
[12Feb2025 17:37:03.830] [Server thread/WARN] [net.minecraft.world.level.chunk.storage.ChunkSerializer/]: Found reference to unknown structure 'minecraft:trial_chambers' in chunk [-1, 3], discarding
[12Feb2025 17:37:03.831] [Server thread/WARN] [net.minecraft.world.level.chunk.storage.ChunkSerializer/]: Found reference to unknown structure 'minecraft:trial_chambers' in chunk [0, 3], discarding
[12Feb2025 17:37:03.833] [Server thread/WARN] [net.minecraft.world.level.chunk.storage.ChunkSerializer/]: Found reference to unknown structure 'minecraft:trial_chambers' in chunk [1, 3], discarding
[12Feb2025 17:37:03.835] [Server thread/WARN] [net.minecraft.world.level.chunk.storage.ChunkSerializer/]: Found reference to unknown structure 'minecraft:trial_chambers' in chunk [2, 3], discarding
[12Feb2025 17:37:03.838] [Server thread/WARN] [net.minecraft.world.level.chunk.storage.ChunkSerializer/]: Found reference to unknown structure 'minecraft:trial_chambers' in chunk [3, 3], discarding
[12Feb2025 17:37:03.868] [Server thread/WARN] [net.minecraft.world.level.chunk.storage.ChunkSerializer/]: Found reference to unknown structure 'minecraft:trial_chambers' in chunk [4, 3], discarding
[12Feb2025 17:37:03.901] [Server thread/WARN] [net.minecraft.world.level.chunk.storage.ChunkSerializer/]: Found reference to unknown structure 'minecraft:trial_chambers' in chunk [5, 3], discarding
[12Feb2025 17:37:03.922] [Server thread/WARN] [net.minecraft.world.level.chunk.storage.ChunkSerializer/]: Found reference to unknown structure 'minecraft:trial_chambers' in chunk [-2, 4], discarding
[12Feb2025 17:37:03.924] [Server thread/WARN] [net.minecraft.world.level.chunk.storage.ChunkSerializer/]: Found reference to unknown structure 'minecraft:trial_chambers' in chunk [-1, 4], discarding
[12Feb2025 17:37:03.926] [Server thread/WARN] [net.minecraft.world.level.chunk.storage.ChunkSerializer/]: Found reference to unknown structure 'minecraft:trial_chambers' in chunk [0, 4], discarding
[12Feb2025 17:37:03.928] [Server thread/WARN] [net.minecraft.world.level.chunk.storage.ChunkSerializer/]: Found reference to unknown structure 'minecraft:trial_chambers' in chunk [1, 4], discarding
[12Feb2025 17:37:03.929] [Server thread/WARN] [net.minecraft.world.level.chunk.storage.ChunkSerializer/]: Found reference to unknown structure 'minecraft:trial_chambers' in chunk [2, 4], discarding
[12Feb2025 17:37:03.931] [Server thread/WARN] [net.minecraft.world.level.chunk.storage.ChunkSerializer/]: Found reference to unknown structure 'minecraft:trial_chambers' in chunk [3, 4], discarding
[12Feb2025 17:37:03.933] [Server thread/WARN] [net.minecraft.world.level.chunk.storage.ChunkSerializer/]: Found reference to unknown structure 'minecraft:trial_chambers' in chunk [4, 4], discarding
[12Feb2025 17:37:03.934] [Server thread/WARN] [net.minecraft.world.level.chunk.storage.ChunkSerializer/]: Found reference to unknown structure 'minecraft:trial_chambers' in chunk [5, 4], discarding
[12Feb2025 17:37:03.936] [Server thread/WARN] [net.minecraft.world.level.chunk.storage.ChunkSerializer/]: Found reference to unknown structure 'minecraft:trial_chambers' in chunk [-17, 5], discarding
[12Feb2025 17:37:03.937] [Server thread/WARN] [net.minecraft.world.level.chunk.storage.ChunkSerializer/]: Found reference to unknown structure 'minecraft:trial_chambers' in chunk [-16, 5], discarding
[12Feb2025 17:37:03.939] [Server thread/WARN] [net.minecraft.world.level.chunk.storage.ChunkSerializer/]: Found reference to unknown structure 'minecraft:trial_chambers' in chunk [-15, 5], discarding
[12Feb2025 17:37:03.940] [Server thread/WARN] [net.minecraft.world.level.chunk.storage.ChunkSerializer/]: Found reference to unknown structure 'minecraft:trial_chambers' in chunk [-14, 5], discarding
[12Feb2025 17:37:03.942] [Server thread/WARN] [net.minecraft.world.level.chunk.storage.ChunkSerializer/]: Found reference to unknown structure 'minecraft:trial_chambers' in chunk [-13, 5], discarding
[12Feb2025 17:37:03.961] [Server thread/WARN] [net.minecraft.world.level.chunk.storage.ChunkSerializer/]: Found reference to unknown structure 'minecraft:trial_chambers' in chunk [-2, 5], discarding
[12Feb2025 17:37:03.963] [Server thread/WARN] [net.minecraft.world.level.chunk.storage.ChunkSerializer/]: Found reference to unknown structure 'minecraft:trial_chambers' in chunk [-1, 5], discarding
[12Feb2025 17:37:03.965] [Server thread/WARN] [net.minecraft.world.level.chunk.storage.ChunkSerializer/]: Found reference to unknown structure 'minecraft:trial_chambers' in chunk [0, 5], discarding
[12Feb2025 17:37:03.980] [Server thread/WARN] [net.minecraft.world.level.chunk.storage.ChunkSerializer/]: Found reference to unknown structure 'minecraft:trial_chambers' in chunk [1, 5], discarding
[12Feb2025 17:37:03.982] [Server thread/WARN] [net.minecraft.world.level.chunk.storage.ChunkSerializer/]: Found reference to unknown structure 'minecraft:trial_chambers' in chunk [2, 5], discarding
[12Feb2025 17:37:03.983] [Server thread/WARN] [net.minecraft.world.level.chunk.storage.ChunkSerializer/]: Found reference to unknown structure 'minecraft:trial_chambers' in chunk [3, 5], discarding
[12Feb2025 17:37:03.985] [Server thread/WARN] [net.minecraft.world.level.chunk.storage.ChunkSerializer/]: Found reference to unknown structure 'minecraft:trial_chambers' in chunk [4, 5], discarding
[12Feb2025 17:37:03.987] [Server thread/WARN] [net.minecraft.world.level.chunk.storage.ChunkSerializer/]: Found reference to unknown structure 'minecraft:trial_chambers' in chunk [5, 5], discarding
[12Feb2025 17:37:04.076] [Server thread/WARN] [net.minecraft.world.level.chunk.storage.ChunkSerializer/]: Found reference to unknown structure 'minecraft:trial_chambers' in chunk [-18, 5], discarding
[12Feb2025 17:37:04.080] [Server thread/WARN] [net.minecraft.world.level.chunk.storage.ChunkSerializer/]: Found reference to unknown structure 'minecraft:trial_chambers' in chunk [-18, 6], discarding
[12Feb2025 17:37:04.081] [Server thread/WARN] [net.minecraft.world.level.chunk.storage.ChunkSerializer/]: Found reference to unknown structure 'minecraft:trial_chambers' in chunk [-17, 6], discarding
[12Feb2025 17:37:04.083] [Server thread/WARN] [net.minecraft.world.level.chunk.storage.ChunkSerializer/]: Found reference to unknown structure 'minecraft:trial_chambers' in chunk [-16, 6], discarding
[12Feb2025 17:37:04.085] [Server thread/WARN] [net.minecraft.world.level.chunk.storage.ChunkSerializer/]: Found reference to unknown structure 'minecraft:trial_chambers' in chunk [-15, 6], discarding
[12Feb2025 17:37:04.086] [Server thread/WARN] [net.minecraft.world.level.chunk.storage.ChunkSerializer/]: Found reference to unknown structure 'minecraft:trial_chambers' in chunk [-14, 6], discarding
[12Feb2025 17:37:04.088] [Server thread/WARN] [net.minecraft.world.level.chunk.storage.ChunkSerializer/]: Found reference to unknown structure 'minecraft:trial_chambers' in chunk [-13, 6], discarding
[12Feb2025 17:37:04.104] [Server thread/WARN] [net.minecraft.world.level.chunk.storage.ChunkSerializer/]: Found reference to unknown structure 'minecraft:trial_chambers' in chunk [-2, 6], discarding
[12Feb2025 17:37:04.106] [Server thread/WARN] [net.minecraft.world.level.chunk.storage.ChunkSerializer/]: Found reference to unknown structure 'minecraft:trial_chambers' in chunk [-1, 6], discarding
[12Feb2025 17:37:04.107] [Server thread/WARN] [net.minecraft.world.level.chunk.storage.ChunkSerializer/]: Found reference to unknown structure 'minecraft:trial_chambers' in chunk [0, 6], discarding
[12Feb2025 17:37:04.109] [Server thread/WARN] [net.minecraft.world.level.chunk.storage.ChunkSerializer/]: Found reference to unknown structure 'minecraft:trial_chambers' in chunk [1, 6], discarding
[12Feb2025 17:37:04.111] [Server thread/WARN] [net.minecraft.world.level.chunk.storage.ChunkSerializer/]: Found reference to unknown structure 'minecraft:trial_chambers' in chunk [2, 6], discarding
[12Feb2025 17:37:04.114] [Server thread/WARN] [net.minecraft.world.level.chunk.storage.ChunkSerializer/]: Found reference to unknown structure 'minecraft:trial_chambers' in chunk [3, 6], discarding
[12Feb2025 17:37:04.115] [Server thread/WARN] [net.minecraft.world.level.chunk.storage.ChunkSerializer/]: Found reference to unknown structure 'minecraft:trial_chambers' in chunk [4, 6], discarding
[12Feb2025 17:37:04.117] [Server thread/WARN] [net.minecraft.world.level.chunk.storage.ChunkSerializer/]: Found reference to unknown structure 'minecraft:trial_chambers' in chunk [5, 6], discarding
[12Feb2025 17:37:04.230] [Server thread/WARN] [net.minecraft.world.level.chunk.storage.ChunkSerializer/]: Found reference to unknown structure 'minecraft:trial_chambers' in chunk [-19, 5], discarding
[12Feb2025 17:37:04.233] [Server thread/WARN] [net.minecraft.world.level.chunk.storage.ChunkSerializer/]: Found reference to unknown structure 'minecraft:trial_chambers' in chunk [-19, 6], discarding
[12Feb2025 17:37:04.236] [Server thread/WARN] [net.minecraft.world.level.chunk.storage.ChunkSerializer/]: Found reference to unknown structure 'minecraft:trial_chambers' in chunk [-19, 7], discarding
[12Feb2025 17:37:04.238] [Server thread/WARN] [net.minecraft.world.level.chunk.storage.ChunkSerializer/]: Found reference to unknown structure 'minecraft:trial_chambers' in chunk [-18, 7], discarding
[12Feb2025 17:37:04.241] [Server thread/ERROR] [net.minecraft.world.level.chunk.storage.ChunkSerializer/]: Unknown structure start: minecraft:trial_chambers
[12Feb2025 17:37:04.241] [Server thread/WARN] [net.minecraft.world.level.chunk.storage.ChunkSerializer/]: Found reference to unknown structure 'minecraft:trial_chambers' in chunk [-17, 7], discarding
[12Feb2025 17:37:04.243] [Server thread/WARN] [net.minecraft.world.level.chunk.storage.ChunkSerializer/]: Found reference to unknown structure 'minecraft:trial_chambers' in chunk [-16, 7], discarding
[12Feb2025 17:37:04.245] [Server thread/WARN] [net.minecraft.world.level.chunk.storage.ChunkSerializer/]: Found reference to unknown structure 'minecraft:trial_chambers' in chunk [-15, 7], discarding
[12Feb2025 17:37:04.247] [Server thread/WARN] [net.minecraft.world.level.chunk.storage.ChunkSerializer/]: Found reference to unknown structure 'minecraft:trial_chambers' in chunk [-14, 7], discarding
[12Feb2025 17:37:04.249] [Server thread/WARN] [net.minecraft.world.level.chunk.storage.ChunkSerializer/]: Found reference to unknown structure 'minecraft:trial_chambers' in chunk [-13, 7], discarding
[12Feb2025 17:37:04.264] [Server thread/WARN] [net.minecraft.world.level.chunk.storage.ChunkSerializer/]: Found reference to unknown structure 'minecraft:trial_chambers' in chunk [-2, 7], discarding
[12Feb2025 17:37:04.266] [Server thread/WARN] [net.minecraft.world.level.chunk.storage.ChunkSerializer/]: Found reference to unknown structure 'minecraft:trial_chambers' in chunk [-1, 7], discarding
[12Feb2025 17:37:04.267] [Server thread/WARN] [net.minecraft.world.level.chunk.storage.ChunkSerializer/]: Found reference to unknown structure 'minecraft:trial_chambers' in chunk [0, 7], discarding
[12Feb2025 17:37:04.269] [Server thread/WARN] [net.minecraft.world.level.chunk.storage.ChunkSerializer/]: Found reference to unknown structure 'minecraft:trial_chambers' in chunk [1, 7], discarding
[12Feb2025 17:37:04.271] [Server thread/WARN] [net.minecraft.world.level.chunk.storage.ChunkSerializer/]: Found reference to unknown structure 'minecraft:trial_chambers' in chunk [2, 7], discarding
[12Feb2025 17:37:04.273] [Server thread/WARN] [net.minecraft.world.level.chunk.storage.ChunkSerializer/]: Found reference to unknown structure 'minecraft:trial_chambers' in chunk [3, 7], discarding
[12Feb2025 17:37:04.275] [Server thread/WARN] [net.minecraft.world.level.chunk.storage.ChunkSerializer/]: Found reference to unknown structure 'minecraft:trial_chambers' in chunk [4, 7], discarding
[12Feb2025 17:37:04.277] [Server thread/WARN] [net.minecraft.world.level.chunk.storage.ChunkSerializer/]: Found reference to unknown structure 'minecraft:trial_chambers' in chunk [5, 7], discarding
[12Feb2025 17:37:04.411] [Server thread/WARN] [net.minecraft.world.level.chunk.storage.ChunkSerializer/]: Found reference to unknown structure 'minecraft:trial_chambers' in chunk [2, 8], discarding
[12Feb2025 17:37:04.414] [Server thread/WARN] [net.minecraft.world.level.chunk.storage.ChunkSerializer/]: Found reference to unknown structure 'minecraft:trial_chambers' in chunk [3, 8], discarding
[12Feb2025 17:37:04.416] [Server thread/WARN] [net.minecraft.world.level.chunk.storage.ChunkSerializer/]: Found reference to unknown structure 'minecraft:trial_chambers' in chunk [4, 8], discarding
[12Feb2025 17:37:04.418] [Server thread/WARN] [net.minecraft.world.level.chunk.storage.ChunkSerializer/]: Found reference to unknown structure 'minecraft:trial_chambers' in chunk [5, 8], discarding
[12Feb2025 17:37:04.436] [Server thread/WARN] [net.minecraft.world.level.chunk.storage.ChunkSerializer/]: Found reference to unknown structure 'minecraft:trial_chambers' in chunk [2, 9], discarding
[12Feb2025 17:37:04.438] [Server thread/ERROR] [net.minecraft.world.level.chunk.storage.ChunkSerializer/]: Unknown structure start: minecraft:trial_chambers
[12Feb2025 17:37:04.438] [Server thread/WARN] [net.minecraft.world.level.chunk.storage.ChunkSerializer/]: Found reference to unknown structure 'minecraft:trial_chambers' in chunk [3, 9], discarding
[12Feb2025 17:37:04.439] [Server thread/WARN] [net.minecraft.world.level.chunk.storage.ChunkSerializer/]: Found reference to unknown structure 'minecraft:trial_chambers' in chunk [4, 9], discarding
[12Feb2025 17:37:04.441] [Server thread/WARN] [net.minecraft.world.level.chunk.storage.ChunkSerializer/]: Found reference to unknown structure 'minecraft:trial_chambers' in chunk [5, 9], discarding
[12Feb2025 17:37:04.495] [Server thread/WARN] [net.minecraft.world.level.chunk.storage.ChunkSerializer/]: Found reference to unknown structure 'minecraft:trial_chambers' in chunk [2, 10], discarding
[12Feb2025 17:37:04.496] [Server thread/WARN] [net.minecraft.world.level.chunk.storage.ChunkSerializer/]: Found reference to unknown structure 'minecraft:trial_chambers' in chunk [3, 10], discarding
[12Feb2025 17:37:04.497] [Server thread/WARN] [net.minecraft.world.level.chunk.storage.ChunkSerializer/]: Found reference to unknown structure 'minecraft:trial_chambers' in chunk [4, 10], discarding
[12Feb2025 17:37:04.499] [Server thread/WARN] [net.minecraft.world.level.chunk.storage.ChunkSerializer/]: Found reference to unknown structure 'minecraft:trial_chambers' in chunk [5, 10], discarding
[12Feb2025 17:37:04.526] [Server thread/WARN] [net.minecraft.world.level.chunk.storage.ChunkSerializer/]: Found reference to unknown structure 'minecraft:trial_chambers' in chunk [2, 11], discarding
[12Feb2025 17:37:04.527] [Server thread/WARN] [net.minecraft.world.level.chunk.storage.ChunkSerializer/]: Found reference to unknown structure 'minecraft:trial_chambers' in chunk [3, 11], discarding
[12Feb2025 17:37:04.530] [Server thread/WARN] [net.minecraft.world.level.chunk.storage.ChunkSerializer/]: Found reference to unknown structure 'minecraft:trial_chambers' in chunk [4, 11], discarding
[12Feb2025 17:37:04.531] [Server thread/WARN] [net.minecraft.world.level.chunk.storage.ChunkSerializer/]: Found reference to unknown structure 'minecraft:trial_chambers' in chunk [5, 11], discarding
[12Feb2025 17:37:04.556] [Server thread/WARN] [net.minecraft.world.level.chunk.storage.ChunkSerializer/]: Found reference to unknown structure 'minecraft:trial_chambers' in chunk [2, 12], discarding
[12Feb2025 17:37:04.558] [Server thread/WARN] [net.minecraft.world.level.chunk.storage.ChunkSerializer/]: Found reference to unknown structure 'minecraft:trial_chambers' in chunk [3, 12], discarding
[12Feb2025 17:37:04.559] [Server thread/WARN] [net.minecraft.world.level.chunk.storage.ChunkSerializer/]: Found reference to unknown structure 'minecraft:trial_chambers' in chunk [4, 12], discarding
[12Feb2025 17:37:04.561] [Server thread/WARN] [net.minecraft.world.level.chunk.storage.ChunkSerializer/]: Found reference to unknown structure 'minecraft:trial_chambers' in chunk [5, 12], discarding
[12Feb2025 17:37:04.663] [Server thread/WARN] [net.minecraft.world.level.chunk.storage.ChunkSerializer/]: Found reference to unknown structure 'minecraft:trial_chambers' in chunk [1, 8], discarding
[12Feb2025 17:37:04.664] [Server thread/WARN] [net.minecraft.world.level.chunk.storage.ChunkSerializer/]: Found reference to unknown structure 'minecraft:trial_chambers' in chunk [1, 9], discarding
[12Feb2025 17:37:04.665] [Server thread/WARN] [net.minecraft.world.level.chunk.storage.ChunkSerializer/]: Found reference to unknown structure 'minecraft:trial_chambers' in chunk [1, 10], discarding
[12Feb2025 17:37:04.666] [Server thread/WARN] [net.minecraft.world.level.chunk.storage.ChunkSerializer/]: Found reference to unknown structure 'minecraft:trial_chambers' in chunk [1, 11], discarding
[12Feb2025 17:37:04.667] [Server thread/WARN] [net.minecraft.world.level.chunk.storage.ChunkSerializer/]: Found reference to unknown structure 'minecraft:trial_chambers' in chunk [1, 12], discarding
[12Feb2025 17:37:04.716] [Server thread/WARN] [net.minecraft.world.level.chunk.storage.ChunkSerializer/]: Found reference to unknown structure 'minecraft:trial_chambers' in chunk [0, 8], discarding
[12Feb2025 17:37:04.717] [Server thread/WARN] [net.minecraft.world.level.chunk.storage.ChunkSerializer/]: Found reference to unknown structure 'minecraft:trial_chambers' in chunk [0, 9], discarding
[12Feb2025 17:37:04.719] [Server thread/WARN] [net.minecraft.world.level.chunk.storage.ChunkSerializer/]: Found reference to unknown structure 'minecraft:trial_chambers' in chunk [0, 10], discarding
[12Feb2025 17:37:04.720] [Server thread/WARN] [net.minecraft.world.level.chunk.storage.ChunkSerializer/]: Found reference to unknown structure 'minecraft:trial_chambers' in chunk [0, 11], discarding
[12Feb2025 17:37:04.721] [Server thread/WARN] [net.minecraft.world.level.chunk.storage.ChunkSerializer/]: Found reference to unknown structure 'minecraft:trial_chambers' in chunk [0, 12], discarding
[12Feb2025 17:37:04.903] [Server thread/WARN] [net.minecraft.world.level.chunk.storage.ChunkSerializer/]: Found reference to unknown structure 'minecraft:trial_chambers' in chunk [-20, 5], discarding
[12Feb2025 17:37:04.904] [Server thread/WARN] [net.minecraft.world.level.chunk.storage.ChunkSerializer/]: Found reference to unknown structure 'minecraft:trial_chambers' in chunk [-20, 6], discarding
[12Feb2025 17:37:04.906] [Server thread/WARN] [net.minecraft.world.level.chunk.storage.ChunkSerializer/]: Found reference to unknown structure 'minecraft:trial_chambers' in chunk [-20, 7], discarding
[12Feb2025 17:37:04.907] [Server thread/WARN] [net.minecraft.world.level.chunk.storage.ChunkSerializer/]: Found reference to unknown structure 'minecraft:trial_chambers' in chunk [-20, 8], discarding
[12Feb2025 17:37:04.908] [Server thread/WARN] [net.minecraft.world.level.chunk.storage.ChunkSerializer/]: Found reference to unknown structure 'minecraft:trial_chambers' in chunk [-19, 8], discarding
[12Feb2025 17:37:04.910] [Server thread/WARN] [net.minecraft.world.level.chunk.storage.ChunkSerializer/]: Found reference to unknown structure 'minecraft:trial_chambers' in chunk [-18, 8], discarding
[12Feb2025 17:37:04.912] [Server thread/WARN] [net.minecraft.world.level.chunk.storage.ChunkSerializer/]: Found reference to unknown structure 'minecraft:trial_chambers' in chunk [-17, 8], discarding
[12Feb2025 17:37:04.913] [Server thread/WARN] [net.minecraft.world.level.chunk.storage.ChunkSerializer/]: Found reference to unknown structure 'minecraft:trial_chambers' in chunk [-16, 8], discarding
[12Feb2025 17:37:04.915] [Server thread/WARN] [net.minecraft.world.level.chunk.storage.ChunkSerializer/]: Found reference to unknown structure 'minecraft:trial_chambers' in chunk [-15, 8], discarding
[12Feb2025 17:37:04.916] [Server thread/WARN] [net.minecraft.world.level.chunk.storage.ChunkSerializer/]: Found reference to unknown structure 'minecraft:trial_chambers' in chunk [-14, 8], discarding
[12Feb2025 17:37:04.918] [Server thread/WARN] [net.minecraft.world.level.chunk.storage.ChunkSerializer/]: Found reference to unknown structure 'minecraft:trial_chambers' in chunk [-13, 8], discarding
[12Feb2025 17:37:04.930] [Server thread/WARN] [net.minecraft.world.level.chunk.storage.ChunkSerializer/]: Found reference to unknown structure 'minecraft:trial_chambers' in chunk [-2, 8], discarding
[12Feb2025 17:37:04.932] [Server thread/WARN] [net.minecraft.world.level.chunk.storage.ChunkSerializer/]: Found reference to unknown structure 'minecraft:trial_chambers' in chunk [-1, 8], discarding
[12Feb2025 17:37:04.958] [Server thread/WARN] [net.minecraft.world.level.chunk.storage.ChunkSerializer/]: Found reference to unknown structure 'minecraft:trial_chambers' in chunk [-21, 5], discarding
[12Feb2025 17:37:04.959] [Server thread/WARN] [net.minecraft.world.level.chunk.storage.ChunkSerializer/]: Found reference to unknown structure 'minecraft:trial_chambers' in chunk [-21, 6], discarding
[12Feb2025 17:37:04.961] [Server thread/WARN] [net.minecraft.world.level.chunk.storage.ChunkSerializer/]: Found reference to unknown structure 'minecraft:trial_chambers' in chunk [-21, 7], discarding
[12Feb2025 17:37:04.963] [Server thread/WARN] [net.minecraft.world.level.chunk.storage.ChunkSerializer/]: Found reference to unknown structure 'minecraft:trial_chambers' in chunk [-21, 8], discarding
[12Feb2025 17:37:04.965] [Server thread/WARN] [net.minecraft.world.level.chunk.storage.ChunkSerializer/]: Found reference to unknown structure 'minecraft:trial_chambers' in chunk [-21, 9], discarding
[12Feb2025 17:37:04.967] [Server thread/WARN] [net.minecraft.world.level.chunk.storage.ChunkSerializer/]: Found reference to unknown structure 'minecraft:trial_chambers' in chunk [-20, 9], discarding
[12Feb2025 17:37:04.969] [Server thread/WARN] [net.minecraft.world.level.chunk.storage.ChunkSerializer/]: Found reference to unknown structure 'minecraft:trial_chambers' in chunk [-19, 9], discarding
[12Feb2025 17:37:04.970] [Server thread/WARN] [net.minecraft.world.level.chunk.storage.ChunkSerializer/]: Found reference to unknown structure 'minecraft:trial_chambers' in chunk [-18, 9], discarding
[12Feb2025 17:37:04.972] [Server thread/WARN] [net.minecraft.world.level.chunk.storage.ChunkSerializer/]: Found reference to unknown structure 'minecraft:trial_chambers' in chunk [-17, 9], discarding
[12Feb2025 17:37:04.974] [Server thread/WARN] [net.minecraft.world.level.chunk.storage.ChunkSerializer/]: Found reference to unknown structure 'minecraft:trial_chambers' in chunk [-16, 9], discarding
[12Feb2025 17:37:04.976] [Server thread/WARN] [net.minecraft.world.level.chunk.storage.ChunkSerializer/]: Found reference to unknown structure 'minecraft:trial_chambers' in chunk [-15, 9], discarding
[12Feb2025 17:37:04.978] [Server thread/WARN] [net.minecraft.world.level.chunk.storage.ChunkSerializer/]: Found reference to unknown structure 'minecraft:trial_chambers' in chunk [-14, 9], discarding
[12Feb2025 17:37:04.979] [Server thread/WARN] [net.minecraft.world.level.chunk.storage.ChunkSerializer/]: Found reference to unknown structure 'minecraft:trial_chambers' in chunk [-13, 9], discarding
[12Feb2025 17:37:04.993] [Server thread/WARN] [net.minecraft.world.level.chunk.storage.ChunkSerializer/]: Found reference to unknown structure 'minecraft:trial_chambers' in chunk [-2, 9], discarding
[12Feb2025 17:37:04.994] [Server thread/WARN] [net.minecraft.world.level.chunk.storage.ChunkSerializer/]: Found reference to unknown structure 'minecraft:trial_chambers' in chunk [-1, 9], discarding
[12Feb2025 17:37:05.230] [Server thread/WARN] [net.minecraft.world.level.chunk.storage.ChunkSerializer/]: Found reference to unknown structure 'minecraft:trial_chambers' in chunk [-15, 10], discarding
[12Feb2025 17:37:05.232] [Server thread/WARN] [net.minecraft.world.level.chunk.storage.ChunkSerializer/]: Found reference to unknown structure 'minecraft:trial_chambers' in chunk [-14, 10], discarding
[12Feb2025 17:37:05.234] [Server thread/WARN] [net.minecraft.world.level.chunk.storage.ChunkSerializer/]: Found reference to unknown structure 'minecraft:trial_chambers' in chunk [-13, 10], discarding
[12Feb2025 17:37:05.244] [Server thread/WARN] [net.minecraft.world.level.chunk.storage.ChunkSerializer/]: Found reference to unknown structure 'minecraft:trial_chambers' in chunk [-2, 10], discarding
[12Feb2025 17:37:05.245] [Server thread/WARN] [net.minecraft.world.level.chunk.storage.ChunkSerializer/]: Found reference to unknown structure 'minecraft:trial_chambers' in chunk [-1, 10], discarding
[12Feb2025 17:37:05.246] [Server thread/WARN] [net.minecraft.world.level.chunk.storage.ChunkSerializer/]: Found reference to unknown structure 'minecraft:trial_chambers' in chunk [-15, 11], discarding
[12Feb2025 17:37:05.247] [Server thread/WARN] [net.minecraft.world.level.chunk.storage.ChunkSerializer/]: Found reference to unknown structure 'minecraft:trial_chambers' in chunk [-14, 11], discarding
[12Feb2025 17:37:05.248] [Server thread/WARN] [net.minecraft.world.level.chunk.storage.ChunkSerializer/]: Found reference to unknown structure 'minecraft:trial_chambers' in chunk [-13, 11], discarding
[12Feb2025 17:37:05.259] [Server thread/WARN] [net.minecraft.world.level.chunk.storage.ChunkSerializer/]: Found reference to unknown structure 'minecraft:trial_chambers' in chunk [-2, 11], discarding
[12Feb2025 17:37:05.260] [Server thread/WARN] [net.minecraft.world.level.chunk.storage.ChunkSerializer/]: Found reference to unknown structure 'minecraft:trial_chambers' in chunk [-1, 11], discarding
[12Feb2025 17:37:05.262] [Server thread/WARN] [net.minecraft.world.level.chunk.storage.ChunkSerializer/]: Found reference to unknown structure 'minecraft:trial_chambers' in chunk [-15, 12], discarding
[12Feb2025 17:37:05.264] [Server thread/WARN] [net.minecraft.world.level.chunk.storage.ChunkSerializer/]: Found reference to unknown structure 'minecraft:trial_chambers' in chunk [-14, 12], discarding
[12Feb2025 17:37:05.265] [Server thread/WARN] [net.minecraft.world.level.chunk.storage.ChunkSerializer/]: Found reference to unknown structure 'minecraft:trial_chambers' in chunk [-13, 12], discarding
[12Feb2025 17:37:05.274] [Server thread/WARN] [net.minecraft.world.level.chunk.storage.ChunkSerializer/]: Found reference to unknown structure 'minecraft:trial_chambers' in chunk [-2, 12], discarding
[12Feb2025 17:37:05.275] [Server thread/WARN] [net.minecraft.world.level.chunk.storage.ChunkSerializer/]: Found reference to unknown structure 'minecraft:trial_chambers' in chunk [-1, 12], discarding
[12Feb2025 17:37:05.276] [Server thread/WARN] [net.minecraft.world.level.chunk.storage.ChunkSerializer/]: Found reference to unknown structure 'minecraft:trial_chambers' in chunk [-15, 13], discarding
[12Feb2025 17:37:05.278] [Server thread/WARN] [net.minecraft.world.level.chunk.storage.ChunkSerializer/]: Found reference to unknown structure 'minecraft:trial_chambers' in chunk [-14, 13], discarding
[12Feb2025 17:37:05.278] [Server thread/WARN] [net.minecraft.world.level.chunk.storage.ChunkSerializer/]: Found reference to unknown structure 'minecraft:trial_chambers' in chunk [-13, 13], discarding
[12Feb2025 17:37:05.288] [Server thread/WARN] [net.minecraft.world.level.chunk.storage.ChunkSerializer/]: Found reference to unknown structure 'minecraft:trial_chambers' in chunk [-15, 14], discarding
[12Feb2025 17:37:05.290] [Server thread/WARN] [net.minecraft.world.level.chunk.storage.ChunkSerializer/]: Found reference to unknown structure 'minecraft:trial_chambers' in chunk [-14, 14], discarding
[12Feb2025 17:37:05.290] [Server thread/WARN] [net.minecraft.world.level.chunk.storage.ChunkSerializer/]: Found reference to unknown structure 'minecraft:trial_chambers' in chunk [-13, 14], discarding
[12Feb2025 17:37:05.325] [Server thread/WARN] [net.minecraft.world.level.chunk.storage.ChunkSerializer/]: Found reference to unknown structure 'minecraft:trial_chambers' in chunk [-16, 10], discarding
[12Feb2025 17:37:05.326] [Server thread/WARN] [net.minecraft.world.level.chunk.storage.ChunkSerializer/]: Found reference to unknown structure 'minecraft:trial_chambers' in chunk [-16, 11], discarding
[12Feb2025 17:37:05.327] [Server thread/WARN] [net.minecraft.world.level.chunk.storage.ChunkSerializer/]: Found reference to unknown structure 'minecraft:trial_chambers' in chunk [-16, 12], discarding
[12Feb2025 17:37:05.329] [Server thread/WARN] [net.minecraft.world.level.chunk.storage.ChunkSerializer/]: Found reference to unknown structure 'minecraft:trial_chambers' in chunk [-16, 13], discarding
[12Feb2025 17:37:05.329] [Server thread/WARN] [net.minecraft.world.level.chunk.storage.ChunkSerializer/]: Found reference to unknown structure 'minecraft:trial_chambers' in chunk [-16, 14], discarding
[12Feb2025 17:37:05.343] [Server thread/WARN] [net.minecraft.world.level.chunk.storage.ChunkSerializer/]: Found reference to unknown structure 'minecraft:trial_chambers' in chunk [-17, 10], discarding
[12Feb2025 17:37:05.344] [Server thread/WARN] [net.minecraft.world.level.chunk.storage.ChunkSerializer/]: Found reference to unknown structure 'minecraft:trial_chambers' in chunk [-17, 11], discarding
[12Feb2025 17:37:05.345] [Server thread/WARN] [net.minecraft.world.level.chunk.storage.ChunkSerializer/]: Found reference to unknown structure 'minecraft:trial_chambers' in chunk [-17, 12], discarding
[12Feb2025 17:37:05.347] [Server thread/WARN] [net.minecraft.world.level.chunk.storage.ChunkSerializer/]: Found reference to unknown structure 'minecraft:trial_chambers' in chunk [-17, 13], discarding
[12Feb2025 17:37:05.349] [Server thread/WARN] [net.minecraft.world.level.chunk.storage.ChunkSerializer/]: Found reference to unknown structure 'minecraft:trial_chambers' in chunk [-17, 14], discarding
[12Feb2025 17:37:05.396] [Server thread/WARN] [net.minecraft.world.level.chunk.storage.ChunkSerializer/]: Found reference to unknown structure 'minecraft:trial_chambers' in chunk [-18, 10], discarding
[12Feb2025 17:37:05.397] [Server thread/WARN] [net.minecraft.world.level.chunk.storage.ChunkSerializer/]: Found reference to unknown structure 'minecraft:trial_chambers' in chunk [-18, 11], discarding
[12Feb2025 17:37:05.398] [Server thread/WARN] [net.minecraft.world.level.chunk.storage.ChunkSerializer/]: Found reference to unknown structure 'minecraft:trial_chambers' in chunk [-18, 12], discarding
[12Feb2025 17:37:05.399] [Server thread/WARN] [net.minecraft.world.level.chunk.storage.ChunkSerializer/]: Found reference to unknown structure 'minecraft:trial_chambers' in chunk [-18, 13], discarding
[12Feb2025 17:37:05.400] [Server thread/WARN] [net.minecraft.world.level.chunk.storage.ChunkSerializer/]: Found reference to unknown structure 'minecraft:trial_chambers' in chunk [-18, 14], discarding
[12Feb2025 17:37:05.426] [Server thread/WARN] [net.minecraft.world.level.chunk.storage.ChunkSerializer/]: Found reference to unknown structure 'minecraft:trial_chambers' in chunk [-19, 10], discarding
[12Feb2025 17:37:05.427] [Server thread/WARN] [net.minecraft.world.level.chunk.storage.ChunkSerializer/]: Found reference to unknown structure 'minecraft:trial_chambers' in chunk [-19, 11], discarding
[12Feb2025 17:37:05.428] [Server thread/WARN] [net.minecraft.world.level.chunk.storage.ChunkSerializer/]: Found reference to unknown structure 'minecraft:trial_chambers' in chunk [-19, 12], discarding
[12Feb2025 17:37:05.429] [Server thread/WARN] [net.minecraft.world.level.chunk.storage.ChunkSerializer/]: Found reference to unknown structure 'minecraft:trial_chambers' in chunk [-19, 13], discarding
[12Feb2025 17:37:05.430] [Server thread/WARN] [net.minecraft.world.level.chunk.storage.ChunkSerializer/]: Found reference to unknown structure 'minecraft:trial_chambers' in chunk [-19, 14], discarding
[12Feb2025 17:37:05.599] [Server thread/WARN] [net.minecraft.world.level.chunk.storage.ChunkSerializer/]: Found reference to unknown structure 'minecraft:trial_chambers' in chunk [-20, 10], discarding
[12Feb2025 17:37:05.601] [Server thread/WARN] [net.minecraft.world.level.chunk.storage.ChunkSerializer/]: Found reference to unknown structure 'minecraft:trial_chambers' in chunk [-20, 11], discarding
[12Feb2025 17:37:05.602] [Server thread/WARN] [net.minecraft.world.level.chunk.storage.ChunkSerializer/]: Found reference to unknown structure 'minecraft:trial_chambers' in chunk [-20, 12], discarding
[12Feb2025 17:37:05.603] [Server thread/WARN] [net.minecraft.world.level.chunk.storage.ChunkSerializer/]: Found reference to unknown structure 'minecraft:trial_chambers' in chunk [-20, 13], discarding
[12Feb2025 17:37:05.604] [Server thread/WARN] [net.minecraft.world.level.chunk.storage.ChunkSerializer/]: Found reference to unknown structure 'minecraft:trial_chambers' in chunk [-20, 14], discarding
[12Feb2025 17:37:05.662] [Server thread/WARN] [net.minecraft.world.level.chunk.storage.ChunkSerializer/]: Found reference to unknown structure 'minecraft:trial_chambers' in chunk [-21, 10], discarding
[12Feb2025 17:37:05.663] [Server thread/WARN] [net.minecraft.world.level.chunk.storage.ChunkSerializer/]: Found reference to unknown structure 'minecraft:trial_chambers' in chunk [-21, 11], discarding
[12Feb2025 17:37:05.664] [Server thread/WARN] [net.minecraft.world.level.chunk.storage.ChunkSerializer/]: Found reference to unknown structure 'minecraft:trial_chambers' in chunk [-21, 12], discarding
[12Feb2025 17:37:05.666] [Server thread/WARN] [net.minecraft.world.level.chunk.storage.ChunkSerializer/]: Found reference to unknown structure 'minecraft:trial_chambers' in chunk [-21, 13], discarding
[12Feb2025 17:37:05.667] [Server thread/WARN] [net.minecraft.world.level.chunk.storage.ChunkSerializer/]: Found reference to unknown structure 'minecraft:trial_chambers' in chunk [-21, 14], discarding
[12Feb2025 17:37:05.749] [Worker-Main-3/INFO] [net.minecraft.server.level.progress.LoggerChunkProgressListener/]: Preparing spawn area: 0%
[12Feb2025 17:37:05.750] [Worker-Main-2/INFO] [net.minecraft.server.level.progress.LoggerChunkProgressListener/]: Preparing spawn area: 0%
[12Feb2025 17:37:05.750] [Worker-Main-2/INFO] [net.minecraft.server.level.progress.LoggerChunkProgressListener/]: Preparing spawn area: 0%
[12Feb2025 17:37:05.751] [Worker-Main-3/INFO] [net.minecraft.server.level.progress.LoggerChunkProgressListener/]: Preparing spawn area: 0%
[12Feb2025 17:37:05.751] [Worker-Main-2/INFO] [net.minecraft.server.level.progress.LoggerChunkProgressListener/]: Preparing spawn area: 0%
[12Feb2025 17:37:05.752] [Worker-Main-2/INFO] [net.minecraft.server.level.progress.LoggerChunkProgressListener/]: Preparing spawn area: 0%
[12Feb2025 17:37:05.753] [Worker-Main-3/INFO] [net.minecraft.server.level.progress.LoggerChunkProgressListener/]: Preparing spawn area: 0%
[12Feb2025 17:37:05.760] [Worker-Main-3/INFO] [net.minecraft.server.level.progress.LoggerChunkProgressListener/]: Preparing spawn area: 0%
[12Feb2025 17:37:05.761] [Worker-Main-3/INFO] [net.minecraft.server.level.progress.LoggerChunkProgressListener/]: Preparing spawn area: 0%
[12Feb2025 17:37:05.761] [Worker-Main-3/INFO] [net.minecraft.server.level.progress.LoggerChunkProgressListener/]: Preparing spawn area: 0%
[12Feb2025 17:37:05.762] [Worker-Main-3/INFO] [net.minecraft.server.level.progress.LoggerChunkProgressListener/]: Preparing spawn area: 0%
[12Feb2025 17:37:06.227] [Worker-Main-3/INFO] [net.minecraft.server.level.progress.LoggerChunkProgressListener/]: Preparing spawn area: 1%
[12Feb2025 17:37:06.578] [Server thread/WARN] [net.minecraft.world.level.block.entity.BlockEntity/]: Skipping BlockEntity with id minecraft:vault
[12Feb2025 17:37:06.579] [Server thread/WARN] [net.minecraft.world.level.block.entity.BlockEntity/]: Skipping BlockEntity with id minecraft:trial_spawner
[12Feb2025 17:37:06.584] [Server thread/WARN] [net.minecraft.world.level.block.entity.BlockEntity/]: Skipping BlockEntity with id minecraft:trial_spawner
[12Feb2025 17:37:06.584] [Server thread/WARN] [net.minecraft.world.level.block.entity.BlockEntity/]: Skipping BlockEntity with id minecraft:trial_spawner
[12Feb2025 17:37:06.584] [Server thread/WARN] [net.minecraft.world.level.block.entity.BlockEntity/]: Skipping BlockEntity with id minecraft:vault
[12Feb2025 17:37:06.584] [Server thread/WARN] [net.minecraft.world.level.block.entity.BlockEntity/]: Skipping BlockEntity with id minecraft:vault
[12Feb2025 17:37:06.585] [Server thread/WARN] [net.minecraft.world.level.block.entity.BlockEntity/]: Skipping BlockEntity with id minecraft:trial_spawner
[12Feb2025 17:37:06.585] [Server thread/WARN] [net.minecraft.world.level.block.entity.BlockEntity/]: Skipping BlockEntity with id minecraft:vault
[12Feb2025 17:37:06.585] [Server thread/WARN] [net.minecraft.world.level.block.entity.BlockEntity/]: Skipping BlockEntity with id minecraft:trial_spawner
[12Feb2025 17:37:06.586] [Server thread/WARN] [net.minecraft.world.level.block.entity.BlockEntity/]: Skipping BlockEntity with id minecraft:vault
[12Feb2025 17:37:06.586] [Server thread/WARN] [net.minecraft.world.level.block.entity.BlockEntity/]: Skipping BlockEntity with id minecraft:trial_spawner
[12Feb2025 17:37:06.586] [Server thread/WARN] [net.minecraft.world.level.block.entity.BlockEntity/]: Skipping BlockEntity with id minecraft:trial_spawner
[12Feb2025 17:37:06.586] [Server thread/WARN] [net.minecraft.world.level.block.entity.BlockEntity/]: Skipping BlockEntity with id minecraft:vault
[12Feb2025 17:37:06.587] [Server thread/WARN] [net.minecraft.world.level.block.entity.BlockEntity/]: Skipping BlockEntity with id minecraft:vault
[12Feb2025 17:37:06.587] [Server thread/WARN] [net.minecraft.world.level.block.entity.BlockEntity/]: Skipping BlockEntity with id minecraft:vault
[12Feb2025 17:37:06.587] [Server thread/WARN] [net.minecraft.world.level.block.entity.BlockEntity/]: Skipping BlockEntity with id minecraft:vault
[12Feb2025 17:37:06.665] [Server thread/WARN] [net.minecraft.world.level.block.entity.BlockEntity/]: Skipping BlockEntity with id minecraft:vault
[12Feb2025 17:37:06.666] [Server thread/WARN] [net.minecraft.world.level.block.entity.BlockEntity/]: Skipping BlockEntity with id minecraft:trial_spawner
[12Feb2025 17:37:06.666] [Server thread/WARN] [net.minecraft.world.level.block.entity.BlockEntity/]: Skipping BlockEntity with id minecraft:vault
[12Feb2025 17:37:06.667] [Server thread/WARN] [net.minecraft.world.level.block.entity.BlockEntity/]: Skipping BlockEntity with id minecraft:trial_spawner
[12Feb2025 17:37:06.692] [Server thread/WARN] [net.minecraft.world.level.block.entity.BlockEntity/]: Skipping BlockEntity with id minecraft:trial_spawner
[12Feb2025 17:37:06.692] [Server thread/WARN] [net.minecraft.world.level.block.entity.BlockEntity/]: Skipping BlockEntity with id minecraft:vault
[12Feb2025 17:37:06.693] [Server thread/WARN] [net.minecraft.world.level.block.entity.BlockEntity/]: Skipping BlockEntity with id minecraft:vault
[12Feb2025 17:37:06.694] [Server thread/WARN] [net.minecraft.world.level.block.entity.BlockEntity/]: Skipping BlockEntity with id minecraft:vault
[12Feb2025 17:37:06.726] [Worker-Main-2/INFO] [net.minecraft.server.level.progress.LoggerChunkProgressListener/]: Preparing spawn area: 33%
[12Feb2025 17:37:06.740] [Server thread/WARN] [net.minecraft.world.level.block.entity.BlockEntity/]: Skipping BlockEntity with id minecraft:trial_spawner
[12Feb2025 17:37:06.742] [Server thread/WARN] [net.minecraft.world.level.block.entity.BlockEntity/]: Skipping BlockEntity with id minecraft:trial_spawner
[12Feb2025 17:37:06.742] [Server thread/WARN] [net.minecraft.world.level.block.entity.BlockEntity/]: Skipping BlockEntity with id minecraft:vault
[12Feb2025 17:37:06.742] [Server thread/WARN] [net.minecraft.world.level.block.entity.BlockEntity/]: Skipping BlockEntity with id minecraft:vault
[12Feb2025 17:37:06.745] [Server thread/WARN] [net.minecraft.world.level.block.entity.BlockEntity/]: Skipping BlockEntity with id minecraft:trial_spawner
[12Feb2025 17:37:06.746] [Server thread/WARN] [net.minecraft.world.level.block.entity.BlockEntity/]: Skipping BlockEntity with id minecraft:vault
[12Feb2025 17:37:06.951] [Server thread/WARN] [net.minecraft.world.level.block.entity.BlockEntity/]: Skipping BlockEntity with id minecraft:vault
[12Feb2025 17:37:06.952] [Server thread/WARN] [net.minecraft.world.level.block.entity.BlockEntity/]: Skipping BlockEntity with id minecraft:trial_spawner
[12Feb2025 17:37:06.952] [Server thread/WARN] [net.minecraft.world.level.block.entity.BlockEntity/]: Skipping BlockEntity with id minecraft:trial_spawner
[12Feb2025 17:37:06.952] [Server thread/WARN] [net.minecraft.world.level.block.entity.BlockEntity/]: Skipping BlockEntity with id minecraft:trial_spawner
[12Feb2025 17:37:07.133] [Server thread/WARN] [net.minecraft.world.level.block.entity.BlockEntity/]: Skipping BlockEntity with id minecraft:vault
[12Feb2025 17:37:07.228] [Worker-Main-3/INFO] [net.minecraft.server.level.progress.LoggerChunkProgressListener/]: Preparing spawn area: 73%
[12Feb2025 17:37:07.362] [Server thread/WARN] [net.minecraft.world.level.block.entity.BlockEntity/]: Skipping BlockEntity with id minecraft:vault
[12Feb2025 17:37:07.362] [Server thread/WARN] [net.minecraft.world.level.block.entity.BlockEntity/]: Skipping BlockEntity with id minecraft:trial_spawner
[12Feb2025 17:37:07.363] [Server thread/WARN] [net.minecraft.world.level.block.entity.BlockEntity/]: Skipping BlockEntity with id minecraft:vault
[12Feb2025 17:37:07.364] [Server thread/WARN] [net.minecraft.world.level.block.entity.BlockEntity/]: Skipping BlockEntity with id minecraft:trial_spawner
[12Feb2025 17:37:07.368] [Server thread/INFO] [net.minecraft.server.level.progress.LoggerChunkProgressListener/]: Time elapsed: 6643 ms
[12Feb2025 17:37:07.369] [Server thread/INFO] [net.minecraft.server.dedicated.DedicatedServer/]: Done (9.930s)! For help, type "help"
[12Feb2025 17:37:07.376] [Server thread/DEBUG] [net.minecraftforge.network.DualStackUtils/]: Detected IPv6 address: "0:0:0:0:0:0:0:0"
[12Feb2025 17:37:07.383] [Server thread/DEBUG] [net.minecraftforge.common.ForgeI18n/CORE]: Loading I18N data entries: 213
[12Feb2025 17:37:07.385] [Server thread/INFO] [net.minecraftforge.server.permission.PermissionAPI/]: Successfully initialized permission handler forge:default_handler
[12Feb2025 17:37:07.449] [Server thread/DEBUG] [io.netty.buffer.AbstractByteBuf/]: -Dio.netty.buffer.checkAccessible: true
[12Feb2025 17:37:07.449] [Server thread/DEBUG] [io.netty.buffer.AbstractByteBuf/]: -Dio.netty.buffer.checkBounds: true
[12Feb2025 17:37:07.450] [Server thread/DEBUG] [io.netty.util.ResourceLeakDetectorFactory/]: Loaded default ResourceLeakDetector: io.netty.util.ResourceLeakDetector@3096bdab
[12Feb2025 17:37:07.465] [Server thread/DEBUG] [net.minecraftforge.coremod.transformer.CoreModBaseTransformer/COREMOD]: Transforming net/minecraft/world/level/NaturalSpawner
[12Feb2025 17:42:07.354] [Server thread/DEBUG] [net.minecraftforge.common.ForgeHooks/WP]: Gathering id map for writing to world save world
[12Feb2025 17:42:07.372] [Server thread/DEBUG] [net.minecraftforge.common.ForgeHooks/WP]: ID Map collection complete world
[12Feb2025 17:47:07.345] [Server thread/DEBUG] [net.minecraftforge.common.ForgeHooks/WP]: Gathering id map for writing to world save world
[12Feb2025 17:47:07.353] [Server thread/DEBUG] [net.minecraftforge.common.ForgeHooks/WP]: ID Map collection complete world
[12Feb2025 17:52:07.346] [Server thread/DEBUG] [net.minecraftforge.common.ForgeHooks/WP]: Gathering id map for writing to world save world
[12Feb2025 17:52:07.353] [Server thread/DEBUG] [net.minecraftforge.common.ForgeHooks/WP]: ID Map collection complete world
[12Feb2025 17:57:07.344] [Server thread/DEBUG] [net.minecraftforge.common.ForgeHooks/WP]: Gathering id map for writing to world save world
[12Feb2025 17:57:07.349] [Server thread/DEBUG] [net.minecraftforge.common.ForgeHooks/WP]: ID Map collection complete world
